category,SDR,GHG,index,value
released,0.0,CO2,1,85.18884
released,0.0,CO2,2,89.3475
released,0.0,CO2,3,89.3475
released,0.0,CO2,4,89.3475
released,0.0,CO2,5,89.3475
released,0.0,CO2,6,89.3475
released,0.0,CO2,7,89.3475
released,0.0,CO2,8,89.3475
released,0.0,CO2,9,89.49606
released,0.0,CO2,10,89.3475
released,0.0,CO2,11,89.3475
released,0.0,CO2,12,89.3475
released,0.0,CO2,13,89.3475
released,0.0,CO2,14,89.3475
released,0.0,CO2,15,89.3475
released,0.0,CO2,16,89.3475
released,0.0,CO2,17,97.94141
released,0.0,CO2,18,89.3475
released,0.0,CO2,19,89.3475
released,0.0,CO2,20,257.38596
released,0.0,CO2,21,257.38596
released,0.0,CO2,22,257.38596
released,0.0,CO2,23,257.38596
released,0.0,CO2,24,257.38596
released,0.0,CO2,25,257.53452
released,0.0,CO2,26,257.38596
released,0.0,CO2,27,278.17271
released,0.0,CO2,28,257.38596
released,0.0,CO2,29,257.38596
released,0.0,CO2,30,257.38596
released,0.0,CO2,31,257.38596
released,0.0,CO2,32,257.38596
released,0.0,CO2,33,257.53452
released,0.0,CO2,34,265.8313
released,0.0,CO2,35,257.38596
released,0.0,CO2,36,257.38596
released,0.0,CO2,37,257.38596
released,0.0,CO2,38,257.38596
released,0.0,CO2,39,257.38596
released,0.0,CO2,40,257.38596
released,0.0,CO2,41,257.53452
released,0.0,CO2,42,257.53452
released,0.0,CO2,43,257.38596
released,0.0,CO2,44,257.38596
released,0.0,CO2,45,257.38596
released,0.0,CO2,46,257.38596
released,0.0,CO2,47,257.38596
released,0.0,CO2,48,257.38596
released,0.0,CO2,49,257.38596
released,0.0,CO2,50,257.38596
released,0.0,CO2,51,257.38596
released,0.0,CO2,52,179.55078
released,0.0,CO2,53,168.03846
released,0.0,CO2,54,168.03846
released,0.0,CO2,55,168.03846
released,0.0,CO2,56,168.03846
released,0.0,CO2,57,168.03846
released,0.0,CO2,58,168.03846
released,0.0,CO2,59,168.03846
released,0.0,CO2,60,168.03846
released,0.0,CO2,61,168.03846
released,0.0,CO2,62,168.03846
released,0.0,CO2,63,168.03846
released,0.0,CO2,64,168.03846
released,0.0,CO2,65,168.03846
released,0.0,CO2,66,168.03846
released,0.0,CO2,67,168.03846
released,0.0,CO2,68,168.03846
released,0.0,CO2,69,168.03846
released,0.0,CH4,1,0.17143
released,0.0,CH4,2,0.0158
released,0.0,CH4,3,0.0158
released,0.0,CH4,4,0.0158
released,0.0,CH4,5,0.0158
released,0.0,CH4,6,0.0158
released,0.0,CH4,7,0.0158
released,0.0,CH4,8,0.0158
released,0.0,CH4,9,0.01629
released,0.0,CH4,10,0.0158
released,0.0,CH4,11,0.0158
released,0.0,CH4,12,0.0158
released,0.0,CH4,13,0.0158
released,0.0,CH4,14,0.0158
released,0.0,CH4,15,0.0158
released,0.0,CH4,16,0.0158
released,0.0,CH4,17,0.04425
released,0.0,CH4,18,0.0158
released,0.0,CH4,19,0.0158
released,0.0,CH4,20,0.05752
released,0.0,CH4,21,0.05752
released,0.0,CH4,22,0.05752
released,0.0,CH4,23,0.05752
released,0.0,CH4,24,0.05752
released,0.0,CH4,25,0.05801
released,0.0,CH4,26,0.05752
released,0.0,CH4,27,0.12633
released,0.0,CH4,28,0.05752
released,0.0,CH4,29,0.05752
released,0.0,CH4,30,0.05752
released,0.0,CH4,31,0.05752
released,0.0,CH4,32,0.05752
released,0.0,CH4,33,0.05801
released,0.0,CH4,34,0.08548
released,0.0,CH4,35,0.05752
released,0.0,CH4,36,0.05752
released,0.0,CH4,37,0.05752
released,0.0,CH4,38,0.05752
released,0.0,CH4,39,0.05752
released,0.0,CH4,40,0.05752
released,0.0,CH4,41,0.05801
released,0.0,CH4,42,0.05752
released,0.0,CH4,43,0.05752
released,0.0,CH4,44,0.05752
released,0.0,CH4,45,0.05752
released,0.0,CH4,46,0.05752
released,0.0,CH4,47,0.05752
released,0.0,CH4,48,0.05752
released,0.0,CH4,49,0.05752
released,0.0,CH4,50,0.05752
released,0.0,CH4,51,0.05752
released,0.0,CH4,52,0.04469
released,0.0,CH4,53,0.04172
released,0.0,CH4,54,0.04172
released,0.0,CH4,55,0.04172
released,0.0,CH4,56,0.04172
released,0.0,CH4,57,0.04172
released,0.0,CH4,58,0.04172
released,0.0,CH4,59,0.04172
released,0.0,CH4,60,0.04172
released,0.0,CH4,61,0.04172
released,0.0,CH4,62,0.04172
released,0.0,CH4,63,0.04172
released,0.0,CH4,64,0.04172
released,0.0,CH4,65,0.04172
released,0.0,CH4,66,0.04172
released,0.0,CH4,67,0.04172
released,0.0,CH4,68,0.04172
released,0.0,CH4,69,0.04172
released,0.0,N2O,1,0.0003
released,0.0,N2O,2,0.00254
released,0.0,N2O,3,0.00254
released,0.0,N2O,4,0.00254
released,0.0,N2O,5,0.00254
released,0.0,N2O,6,0.00254
released,0.0,N2O,7,0.00254
released,0.0,N2O,8,0.00254
released,0.0,N2O,9,0.00254
released,0.0,N2O,10,0.00254
released,0.0,N2O,11,0.00254
released,0.0,N2O,12,0.00254
released,0.0,N2O,13,0.00254
released,0.0,N2O,14,0.00254
released,0.0,N2O,15,0.00254
released,0.0,N2O,16,0.00254
released,0.0,N2O,17,0.00255
released,0.0,N2O,18,0.00254
released,0.0,N2O,19,0.00254
released,0.0,N2O,20,0.00924
released,0.0,N2O,21,0.00924
released,0.0,N2O,22,0.00924
released,0.0,N2O,23,0.00924
released,0.0,N2O,24,0.00924
released,0.0,N2O,25,0.00924
released,0.0,N2O,26,0.00924
released,0.0,N2O,27,0.00927
released,0.0,N2O,28,0.00924
released,0.0,N2O,29,0.00924
released,0.0,N2O,30,0.00924
released,0.0,N2O,31,0.00924
released,0.0,N2O,32,0.00924
released,0.0,N2O,33,0.00924
released,0.0,N2O,34,0.00925
released,0.0,N2O,35,0.00924
released,0.0,N2O,36,0.00924
released,0.0,N2O,37,0.00924
released,0.0,N2O,38,0.00924
released,0.0,N2O,39,0.00924
released,0.0,N2O,40,0.00924
released,0.0,N2O,41,0.00924
released,0.0,N2O,42,0.00924
released,0.0,N2O,43,0.00924
released,0.0,N2O,44,0.00924
released,0.0,N2O,45,0.00924
released,0.0,N2O,46,0.00924
released,0.0,N2O,47,0.00924
released,0.0,N2O,48,0.00924
released,0.0,N2O,49,0.00924
released,0.0,N2O,50,0.00924
released,0.0,N2O,51,0.00924
released,0.0,N2O,52,0.00718
released,0.0,N2O,53,0.00671
released,0.0,N2O,54,0.00671
released,0.0,N2O,55,0.00671
released,0.0,N2O,56,0.00671
released,0.0,N2O,57,0.00671
released,0.0,N2O,58,0.00671
released,0.0,N2O,59,0.00671
released,0.0,N2O,60,0.00671
released,0.0,N2O,61,0.00671
released,0.0,N2O,62,0.00671
released,0.0,N2O,63,0.00671
released,0.0,N2O,64,0.00671
released,0.0,N2O,65,0.00671
released,0.0,N2O,66,0.00671
released,0.0,N2O,67,0.00671
released,0.0,N2O,68,0.00671
released,0.0,N2O,69,0.00671
released,-0.03,CO2,1,85.18884
released,-0.03,CO2,2,92.11082474226805
released,-0.03,CO2,3,94.95961313635881
released,-0.03,CO2,4,97.89650838799878
released,-0.03,CO2,5,100.92423545154512
released,-0.03,CO2,6,104.04560355829396
released,-0.03,CO2,7,107.26350882298347
released,-0.03,CO2,8,110.5809369309108
released,-0.03,CO2,9,114.19051775342606
released,-0.03,CO2,10,117.52676897747983
released,-0.03,CO2,11,121.16161750255654
released,-0.03,CO2,12,124.90888402325417
released,-0.03,CO2,13,128.77204538479813
released,-0.03,CO2,14,132.75468596370942
released,-0.03,CO2,15,136.86050099351488
released,-0.03,CO2,16,141.0932999933143
released,-0.03,CO2,17,159.44782655810403
released,-0.03,CO2,18,149.95568072410913
released,-0.03,CO2,19,154.59348528258676
released,-0.03,CO2,20,459.11544400459417
released,-0.03,CO2,21,473.3148907263858
released,-0.03,CO2,22,487.95349559421214
released,-0.03,CO2,23,503.0448408187754
released,-0.03,CO2,24,518.6029286791501
released,-0.03,CO2,25,534.9507833918407
released,-0.03,CO2,26,551.1775201181316
released,-0.03,CO2,27,614.1146114852372
released,-0.03,CO2,28,585.7981933448099
released,-0.03,CO2,29,603.9156632420721
released,-0.03,CO2,30,622.5934672598681
released,-0.03,CO2,31,641.8489353194516
released,-0.03,CO2,32,661.6999333190223
released,-0.03,CO2,33,682.5586168610679
released,-0.03,CO2,34,726.3381981688194
released,-0.03,CO2,35,725.0131573071872
released,-0.03,CO2,36,747.4362446465847
released,-0.03,CO2,37,770.5528295325615
released,-0.03,CO2,38,794.384360342847
released,-0.03,CO2,39,818.9529488070588
released,-0.03,CO2,40,844.2813905227412
released,-0.03,CO2,41,870.8955663123909
released,-0.03,CO2,42,897.8304807344236
released,-0.03,CO2,43,925.0644979338067
released,-0.03,CO2,44,953.6747401379452
released,-0.03,CO2,45,983.1698351937578
released,-0.03,CO2,46,1013.5771496842864
released,-0.03,CO2,47,1044.9248965817387
released,-0.03,CO2,48,1077.242161424473
released,-0.03,CO2,49,1110.55892930358
released,-0.03,CO2,50,1144.9061126841034
released,-0.03,CO2,51,1180.3155800867046
released,-0.03,CO2,52,848.8458867544709
released,-0.03,CO2,53,818.9898339195489
released,-0.03,CO2,54,844.319416411906
released,-0.03,CO2,55,870.4323880535114
released,-0.03,CO2,56,897.3529773747541
released,-0.03,CO2,57,925.1061622420144
released,-0.03,CO2,58,953.7176930330048
released,-0.03,CO2,59,983.2141165288709
released,-0.03,CO2,60,1013.6228005452278
released,-0.03,CO2,61,1044.971959324977
released,-0.03,CO2,62,1077.2906797164712
released,-0.03,CO2,63,1110.6089481613105
released,-0.03,CO2,64,1144.957678516815
released,-0.03,CO2,65,1180.3687407389846
released,-0.03,CO2,66,1216.8749904525616
released,-0.03,CO2,67,1254.5102994356305
released,-0.03,CO2,68,1293.3095870470418
released,-0.03,CO2,69,1333.3088526258161
released,-0.03,CH4,1,0.17143
released,-0.03,CH4,2,0.016288659793814435
released,-0.03,CH4,3,0.016792432777128285
released,-0.03,CH4,4,0.01731178636817349
released,-0.03,CH4,5,0.017847202441415966
released,-0.03,CH4,6,0.01839917777465564
released,-0.03,CH4,7,0.01896822450995427
released,-0.03,CH4,8,0.019554870628818836
released,-0.03,CH4,9,0.020784865101361003
released,-0.03,CH4,10,0.020783155094929142
released,-0.03,CH4,11,0.021425933087555818
released,-0.03,CH4,12,0.02208859081191322
released,-0.03,CH4,13,0.022771743105065176
released,-0.03,CH4,14,0.023476023819654822
released,-0.03,CH4,15,0.02420208641201528
released,-0.03,CH4,16,0.02495060454846936
released,-0.03,CH4,17,0.0720386435645158
released,-0.03,CH4,18,0.02651780693853689
released,-0.03,CH4,19,0.02733794529746071
released,-0.03,CH4,20,0.10260202358801644
released,-0.03,CH4,21,0.1057752820495015
released,-0.03,CH4,22,0.10904668252525927
released,-0.03,CH4,23,0.11241926033531884
released,-0.03,CH4,24,0.11589614467558647
released,-0.03,CH4,25,0.12049838967048253
released,-0.03,CH4,26,0.12317583661981768
released,-0.03,CH4,27,0.2788954346705326
released,-0.03,CH4,28,0.13091278203828005
released,-0.03,CH4,29,0.13496163096729902
released,-0.03,CH4,30,0.13913570202814332
released,-0.03,CH4,31,0.14343886807025083
released,-0.03,CH4,32,0.1478751217219081
released,-0.03,CH4,33,0.15374725440345066
released,-0.03,CH4,34,0.2335593633235465
released,-0.03,CH4,35,0.1620242098998306
released,-0.03,CH4,36,0.1670352679379697
released,-0.03,CH4,37,0.17220130715254608
released,-0.03,CH4,38,0.17752712077582072
released,-0.03,CH4,39,0.18301765028435124
released,-0.03,CH4,40,0.1886779899838673
released,-0.03,CH4,41,0.19617040776429429
released,-0.03,CH4,42,0.2005292698308718
released,-0.03,CH4,43,0.20673120601120806
released,-0.03,CH4,44,0.21312495465073
released,-0.03,CH4,45,0.21971644809353605
released,-0.03,CH4,46,0.2265118021582846
released,-0.03,CH4,47,0.23351732181266455
released,-0.03,CH4,48,0.24073950702336552
released,-0.03,CH4,49,0.24818505878697475
released,-0.03,CH4,50,0.2558608853473967
released,-0.03,CH4,51,0.2637741086055636
released,-0.03,CH4,52,0.2112768470237629
released,-0.03,CH4,53,0.2033359260202907
released,-0.03,CH4,54,0.20962466600029972
released,-0.03,CH4,55,0.21610790309309252
released,-0.03,CH4,56,0.22279165267329126
released,-0.03,CH4,57,0.2296821161580322
released,-0.03,CH4,58,0.23678568676085798
released,-0.03,CH4,59,0.24410895542356495
released,-0.03,CH4,60,0.25165871693151026
released,-0.03,CH4,61,0.25944197621805176
released,-0.03,CH4,62,0.2674659548639709
released,-0.03,CH4,63,0.2757380977979082
released,-0.03,CH4,64,0.28426608020402905
released,-0.03,CH4,65,0.2930578146433289
released,-0.03,CH4,66,0.3021214583951845
released,-0.03,CH4,67,0.3114654210259634
released,-0.03,CH4,68,0.32109837219171483
released,-0.03,CH4,69,0.3310292496821802
released,-0.03,N2O,1,0.0003
released,-0.03,N2O,2,0.0026185567010309284
released,-0.03,N2O,3,0.0026995429907535344
released,-0.03,N2O,4,0.002783034011086118
released,-0.03,N2O,5,0.0028691072279238327
released,-0.03,N2O,6,0.002957842503014261
released,-0.03,N2O,7,0.003049322168055939
released,-0.03,N2O,8,0.003143631101088597
released,-0.03,N2O,9,0.0032408568052459765
released,-0.03,N2O,10,0.0033410894899443054
released,-0.03,N2O,11,0.0034444221545817584
released,-0.03,N2O,12,0.003550950674826555
released,-0.03,N2O,13,0.0036607738915737684
released,-0.03,N2O,14,0.0037739937026533697
released,-0.03,N2O,15,0.003890715157374608
released,-0.03,N2O,16,0.004011046553994441
released,-0.03,N2O,17,0.004151379459650063
released,-0.03,N2O,18,0.0042629892167015
released,-0.03,N2O,19,0.004394834244022165
released,-0.03,N2O,20,0.01648196623701794
released,-0.03,N2O,21,0.016991717770121588
released,-0.03,N2O,22,0.01751723481455834
released,-0.03,N2O,23,0.018059004963462206
released,-0.03,N2O,24,0.01861753089016723
released,-0.03,N2O,25,0.019193330814605388
released,-0.03,N2O,26,0.019786938984129265
released,-0.03,N2O,27,0.02046513638404051
released,-0.03,N2O,28,0.02102980017443859
released,-0.03,N2O,29,0.021680206365400606
released,-0.03,N2O,30,0.022350728211753202
released,-0.03,N2O,31,0.02304198784716825
released,-0.03,N2O,32,0.023754626646565205
released,-0.03,N2O,33,0.024489305821201242
released,-0.03,N2O,34,0.025274030308175068
released,-0.03,N2O,35,0.02602753302285179
released,-0.03,N2O,36,0.026832508270981225
released,-0.03,N2O,37,0.027662379660805387
released,-0.03,N2O,38,0.02851791717608803
released,-0.03,N2O,39,0.02939991461452374
released,-0.03,N2O,40,0.030309190324251282
released,-0.03,N2O,41,0.03124658796314565
released,-0.03,N2O,42,0.032212977281593454
released,-0.03,N2O,43,0.03320925492947779
released,-0.03,N2O,44,0.03423634528812144
released,-0.03,N2O,45,0.03529520132796024
released,-0.03,N2O,46,0.036386805492742515
released,-0.03,N2O,47,0.037512170611074765
released,-0.03,N2O,48,0.03867234083615955
released,-0.03,N2O,49,0.03986839261459747
released,-0.03,N2O,50,0.04110143568515204
released,-0.03,N2O,51,0.042372614108404164
released,-0.03,N2O,52,0.03394423275074105
released,-0.03,N2O,53,0.03270335722905443
released,-0.03,N2O,54,0.03371480126706642
released,-0.03,N2O,55,0.03475752707944992
released,-0.03,N2O,56,0.03583250214376281
released,-0.03,N2O,57,0.03694072385954928
released,-0.03,N2O,58,0.038083220473762155
released,-0.03,N2O,59,0.03926105203480634
released,-0.03,N2O,60,0.040475311376089014
released,-0.03,N2O,61,0.041727125129988676
released,-0.03,N2O,62,0.0430176547731842
released,-0.03,N2O,63,0.04434809770431361
released,-0.03,N2O,64,0.045719688354962484
released,-0.03,N2O,65,0.04713369933501287
released,-0.03,N2O,66,0.04859144261341534
released,-0.03,N2O,67,0.050094270735479736
released,-0.03,N2O,68,0.05164357807781415
released,-0.03,N2O,69,0.053240802142076445
released,-0.01,CO2,1,85.18884
released,-0.01,CO2,2,90.25
released,-0.01,CO2,3,91.16161616161615
released,-0.01,CO2,4,92.08244056728905
released,-0.01,CO2,5,93.01256622958492
released,-0.01,CO2,6,93.9520871005908
released,-0.01,CO2,7,94.90109808140485
released,-0.01,CO2,8,95.85969503172208
released,-0.01,CO2,9,96.98897272499133
released,-0.01,CO2,10,97.8060351308255
released,-0.01,CO2,11,98.79397487962173
released,-0.01,CO2,12,99.79189381779972
released,-0.01,CO2,13,100.79989274525225
released,-0.01,CO2,14,101.81807348005279
released,-0.01,CO2,15,102.84653886874018
released,-0.01,CO2,16,103.88539279670727
released,-0.01,CO2,17,115.02791251063309
released,-0.01,CO2,18,105.99468706938808
released,-0.01,CO2,19,107.06534047412936
released,-0.01,CO2,20,311.54167874961763
released,-0.01,CO2,21,314.6885643935531
released,-0.01,CO2,22,317.8672367611648
released,-0.01,CO2,23,321.07801693046946
released,-0.01,CO2,24,324.32122922269645
released,-0.01,CO2,25,327.7862862970895
released,-0.01,CO2,26,330.9062638737848
released,-0.01,CO2,27,361.243018024845
released,-0.01,CO2,28,337.6250014016782
released,-0.01,CO2,29,341.0353549511901
released,-0.01,CO2,30,344.4801565163537
released,-0.01,CO2,31,347.95975405692286
released,-0.01,CO2,32,351.4744990473968
released,-0.01,CO2,33,355.22966241524614
released,-0.01,CO2,34,370.3775831267164
released,-0.01,CO2,35,362.2331869324784
released,-0.01,CO2,36,365.8921080126045
released,-0.01,CO2,37,369.5879878915197
released,-0.01,CO2,38,373.32119989042394
released,-0.01,CO2,39,377.0921211014383
released,-0.01,CO2,40,380.90113242569527
released,-0.01,CO2,41,384.97069076672403
released,-0.01,CO2,42,388.8592836027516
released,-0.01,CO2,43,392.5605740351121
released,-0.01,CO2,44,396.5258323586991
released,-0.01,CO2,45,400.5311437966658
released,-0.01,CO2,46,404.576912925925
released,-0.01,CO2,47,408.6635484100253
released,-0.01,CO2,48,412.79146304042956
released,-0.01,CO2,49,416.9610737782117
released,-0.01,CO2,50,421.1728017961735
released,-0.01,CO2,51,425.42707252138734
released,-0.01,CO2,52,299.7729016181826
released,-0.01,CO2,53,283.3861190962239
released,-0.01,CO2,54,286.2486051477009
released,-0.01,CO2,55,289.1400051996979
released,-0.01,CO2,56,292.06061131282615
released,-0.01,CO2,57,295.0107184978042
released,-0.01,CO2,58,297.9906247452568
released,-0.01,CO2,59,301.00063105581495
released,-0.01,CO2,60,304.0410414705201
released,-0.01,CO2,61,307.1121631015355
released,-0.01,CO2,62,310.2143061631672
released,-0.01,CO2,63,313.3477840031992
released,-0.01,CO2,64,316.51291313454465
released,-0.01,CO2,65,319.7100132672168
released,-0.01,CO2,66,322.939407340623
released,-0.01,CO2,67,326.2014215561849
released,-0.01,CO2,68,329.4963854102878
released,-0.01,CO2,69,332.82463172756337
released,-0.01,CH4,1,0.17143
released,-0.01,CH4,2,0.015959595959595962
released,-0.01,CH4,3,0.016120803999591878
released,-0.01,CH4,4,0.01628364040362816
released,-0.01,CH4,5,0.01644812161982643
released,-0.01,CH4,6,0.016614264262450936
released,-0.01,CH4,7,0.016782085113586802
released,-0.01,CH4,8,0.016951601124835156
released,-0.01,CH4,9,0.017653853875691385
released,-0.01,CH4,10,0.01729578729194486
released,-0.01,CH4,11,0.01747049221408572
released,-0.01,CH4,12,0.017646961832409814
released,-0.01,CH4,13,0.017825213972131125
released,-0.01,CH4,14,0.01800526663851629
released,-0.01,CH4,15,0.018187138018703322
released,-0.01,CH4,16,0.018370846483538712
released,-0.01,CH4,17,0.0519696942140767
released,-0.01,CH4,18,0.018743849080235395
released,-0.01,CH4,19,0.01893318088912666
released,-0.01,CH4,20,0.06962259076477212
released,-0.01,CH4,21,0.07032584925734557
released,-0.01,CH4,22,0.07103621137105613
released,-0.01,CH4,23,0.07175374885965266
released,-0.01,CH4,24,0.07247853420166935
released,-0.01,CH4,25,0.0738343056616028
released,-0.01,CH4,26,0.07395014202802709
released,-0.01,CH4,27,0.1640557424453271
released,-0.01,CH4,28,0.07545162945416499
released,-0.01,CH4,29,0.07621376712541918
released,-0.01,CH4,30,0.07698360315698907
released,-0.01,CH4,31,0.07776121531008996
released,-0.01,CH4,32,0.078546682131404
released,-0.01,CH4,33,0.08001596336175992
released,-0.01,CH4,34,0.11909762246083029
released,-0.01,CH4,35,0.08095100802062459
released,-0.01,CH4,36,0.08176869497032788
released,-0.01,CH4,37,0.08259464138416957
released,-0.01,CH4,38,0.08342893069108037
released,-0.01,CH4,39,0.08427164716270744
released,-0.01,CH4,40,0.0851228759219267
released,-0.01,CH4,41,0.08671517034445582
released,-0.01,CH4,42,0.08685121510246577
released,-0.01,CH4,43,0.08772850010350078
released,-0.01,CH4,44,0.08861464656919271
released,-0.01,CH4,45,0.08950974400928557
released,-0.01,CH4,46,0.09041388283766219
released,-0.01,CH4,47,0.09132715438147697
released,-0.01,CH4,48,0.09224965089038076
released,-0.01,CH4,49,0.09318146554583916
released,-0.01,CH4,50,0.09412269247054461
released,-0.01,CH4,51,0.09507342673792385
released,-0.01,CH4,52,0.07461315942663452
released,-0.01,CH4,53,0.07035811259335786
released,-0.01,CH4,54,0.07106880059935139
released,-0.01,CH4,55,0.07178666727207211
released,-0.01,CH4,56,0.07251178512330515
released,-0.01,CH4,57,0.07324422739727793
released,-0.01,CH4,58,0.07398406807805853
released,-0.01,CH4,59,0.07473138189702883
released,-0.01,CH4,60,0.07548624434043313
released,-0.01,CH4,61,0.07624873165700317
released,-0.01,CH4,62,0.07701892086565978
released,-0.01,CH4,63,0.07779688976329271
released,-0.01,CH4,64,0.0785827169326189
released,-0.01,CH4,65,0.0793764817501201
released,-0.01,CH4,66,0.0801782643940607
released,-0.01,CH4,67,0.08098814585258658
released,-0.01,CH4,68,0.08180620793190564
released,-0.01,CH4,69,0.08263253326455114
released,-0.01,N2O,1,0.0003
released,-0.01,N2O,2,0.002565656565656566
released,-0.01,N2O,3,0.0025915722885419853
released,-0.01,N2O,4,0.002617749786406046
released,-0.01,N2O,5,0.002644191703440451
released,-0.01,N2O,6,0.00267090071054591
released,-0.01,N2O,7,0.002697879505601929
released,-0.01,N2O,8,0.0027251308137393225
released,-0.01,N2O,9,0.002752657387615477
released,-0.01,N2O,10,0.0027804620076924014
released,-0.01,N2O,11,0.0028085474825175773
released,-0.01,N2O,12,0.0028369166490076533
released,-0.01,N2O,13,0.0028655723727350037
released,-0.01,N2O,14,0.0028945175482171757
released,-0.01,N2O,15,0.002923755099209268
released,-0.01,N2O,16,0.0029532879789992608
released,-0.01,N2O,17,0.002994863734370522
released,-0.01,N2O,18,0.0030132516875821455
released,-0.01,N2O,19,0.003043688573315298
released,-0.01,N2O,20,0.011184157487247815
released,-0.01,N2O,21,0.011297128774997793
released,-0.01,N2O,22,0.011411241186866457
released,-0.01,N2O,23,0.011526506249360058
released,-0.01,N2O,24,0.0116429356054142
released,-0.01,N2O,25,0.0117605410155699
released,-0.01,N2O,26,0.011879334359161513
released,-0.01,N2O,27,0.012038286491476154
released,-0.01,N2O,28,0.012120532965168367
released,-0.01,N2O,29,0.012242962591079157
released,-0.01,N2O,30,0.012366628879877939
released,-0.01,N2O,31,0.012491544323109028
released,-0.01,N2O,32,0.012617721538493967
released,-0.01,N2O,33,0.012745173271206028
released,-0.01,N2O,34,0.012887845200780068
released,-0.01,N2O,35,0.01300395191430061
released,-0.01,N2O,36,0.013135304963940012
released,-0.01,N2O,37,0.013267984812060618
released,-0.01,N2O,38,0.013402004860667291
released,-0.01,N2O,39,0.013537378647138677
released,-0.01,N2O,40,0.013674119845594624
released,-0.01,N2O,41,0.013812242268277396
released,-0.01,N2O,42,0.013951759866946864
released,-0.01,N2O,43,0.014092686734289765
released,-0.01,N2O,44,0.014235037105343195
released,-0.01,N2O,45,0.01437882535893252
released,-0.01,N2O,46,0.014524066019123759
released,-0.01,N2O,47,0.014670773756690667
released,-0.01,N2O,48,0.01481896339059663
released,-0.01,N2O,49,0.014968649889491547
released,-0.01,N2O,50,0.015119848373223787
released,-0.01,N2O,51,0.01527257411436746
released,-0.01,N2O,52,0.01198752483068328
released,-0.01,N2O,53,0.011315985989967192
released,-0.01,N2O,54,0.01143028887875474
released,-0.01,N2O,55,0.011545746342176505
released,-0.01,N2O,56,0.011662370042602531
released,-0.01,N2O,57,0.011780171760204575
released,-0.01,N2O,58,0.01189916339414604
released,-0.01,N2O,59,0.012019356963783877
released,-0.01,N2O,60,0.012140764609882702
released,-0.01,N2O,61,0.012263398595841114
released,-0.01,N2O,62,0.01238727130893042
released,-0.01,N2O,63,0.01251239526154588
released,-0.01,N2O,64,0.012638783092470584
released,-0.01,N2O,65,0.012766447568152107
released,-0.01,N2O,66,0.012895401583992026
released,-0.01,N2O,67,0.013025658165648513
released,-0.01,N2O,68,0.013157230470352032
released,-0.01,N2O,69,0.013290131788234376
released,0.01,CO2,1,85.18884
released,0.01,CO2,2,88.4628712871287
released,0.01,CO2,3,87.58700127438486
released,0.01,CO2,4,86.7198032419652
released,0.01,CO2,5,85.86119132867842
released,0.01,CO2,6,85.01108052344397
released,0.01,CO2,7,84.16938665687522
released,0.01,CO2,8,83.33602639294577
released,0.01,CO2,9,82.64810988827035
released,0.01,CO2,10,81.69397744627564
released,0.01,CO2,11,80.88512618443131
released,0.01,CO2,12,80.0842833509221
released,0.01,CO2,13,79.29136965437831
released,0.01,CO2,14,78.50630658849337
released,0.01,CO2,15,77.72901642425086
released,0.01,CO2,16,76.95942220222858
released,0.01,CO2,17,83.52651689846627
released,0.01,CO2,18,75.44301754948395
released,0.01,CO2,19,74.69605697968707
released,0.01,CO2,20,213.0486326630609
released,0.01,CO2,21,210.9392402604563
released,0.01,CO2,22,208.85073293114488
released,0.01,CO2,23,206.78290389222263
released,0.01,CO2,24,204.73554840814123
released,0.01,CO2,25,202.8254645943269
released,0.01,CO2,26,200.70144927766026
released,0.01,CO2,27,214.76267421788245
released,0.01,CO2,28,196.74683783713385
released,0.01,CO2,29,194.79884934369687
released,0.01,CO2,30,192.87014786504642
released,0.01,CO2,31,190.96054244064
released,0.01,CO2,32,189.06984400063365
released,0.01,CO2,33,187.30591364504113
released,0.01,CO2,34,191.4259364352207
released,0.01,CO2,35,183.5093278572317
released,0.01,CO2,36,181.6924038190413
released,0.01,CO2,37,179.89346912776364
released,0.01,CO2,38,178.1123456710531
released,0.01,CO2,39,176.34885710005258
released,0.01,CO2,40,174.60282881193325
released,0.01,CO2,41,172.97386872291625
released,0.01,CO2,42,171.26125616130324
released,0.01,CO2,43,169.46778544515945
released,0.01,CO2,44,167.78988657936583
released,0.01,CO2,45,166.1286005736295
released,0.01,CO2,46,164.48376294418765
released,0.01,CO2,47,162.85521083582935
released,0.01,CO2,48,161.24278300577163
released,0.01,CO2,49,159.64631980769468
released,0.01,CO2,50,158.06566317593533
released,0.01,CO2,51,156.50065660983694
released,0.01,CO2,52,108.0929160823605
released,0.01,CO2,53,100.16067809130578
released,0.01,CO2,54,99.16898820921364
released,0.01,CO2,55,98.18711703882539
released,0.01,CO2,56,97.21496736517365
released,0.01,CO2,57,96.25244293581548
released,0.01,CO2,58,95.29944845130247
released,0.01,CO2,59,94.35588955574501
released,0.01,CO2,60,93.42167282747032
released,0.01,CO2,61,92.49670576977257
released,0.01,CO2,62,91.58089680175505
released,0.01,CO2,63,90.67415524926241
released,0.01,CO2,64,89.77639133590337
released,0.01,CO2,65,88.88751617416176
released,0.01,CO2,66,88.0074417565958
released,0.01,CO2,67,87.13608094712457
released,0.01,CO2,68,86.27334747240054
released,0.01,CO2,69,85.41915591326787
released,0.01,CH4,1,0.17143
released,0.01,CH4,2,0.015643564356435644
released,0.01,CH4,3,0.015488677580629351
released,0.01,CH4,4,0.015335324337256782
released,0.01,CH4,5,0.015183489442828497
released,0.01,CH4,6,0.01503315786418663
released,0.01,CH4,7,0.014884314717016466
released,0.01,CH4,8,0.014736945264372739
released,0.01,CH4,9,0.015043541694236865
released,0.01,CH4,10,0.014446569222990629
released,0.01,CH4,11,0.014303533884149136
released,0.01,CH4,12,0.014161914736781325
released,0.01,CH4,13,0.01402169775918943
released,0.01,CH4,14,0.013882869068504384
released,0.01,CH4,15,0.01374541491931127
released,0.01,CH4,16,0.013609321702288388
released,0.01,CH4,17,0.03773734085262946
released,0.01,CH4,18,0.013341164299861178
released,0.01,CH4,19,0.013209073564218987
released,0.01,CH4,20,0.04761159991313925
released,0.01,CH4,21,0.04714019793380123
released,0.01,CH4,22,0.0466734633007933
released,0.01,CH4,23,0.046211349802765644
released,0.01,CH4,24,0.04575381168590658
released,0.01,CH4,25,0.04568671105185008
released,0.01,CH4,26,0.04485228084100243
released,0.01,CH4,27,0.09753281921129175
released,0.01,CH4,28,0.043968513715324405
released,0.01,CH4,29,0.043533181896360795
released,0.01,CH4,30,0.043102160293426534
released,0.01,CH4,31,0.042675406231115376
released,0.01,CH4,32,0.042252877456549875
released,0.01,CH4,33,0.04219091114678077
released,0.01,CH4,34,0.06155441081047516
released,0.01,CH4,35,0.041010226580921384
released,0.01,CH4,36,0.04060418473358553
released,0.01,CH4,37,0.040202163102559925
released,0.01,CH4,38,0.0398041218837227
released,0.01,CH4,39,0.039410021667052174
released,0.01,CH4,40,0.03901982343272493
released,0.01,CH4,41,0.038962598585294016
released,0.01,CH4,42,0.03825097875965584
released,0.01,CH4,43,0.03787225619767905
released,0.01,CH4,44,0.03749728336403867
released,0.01,CH4,45,0.037126023132711544
released,0.01,CH4,46,0.03675843874525896
released,0.01,CH4,47,0.03639449380718709
released,0.01,CH4,48,0.03603415228434365
released,0.01,CH4,49,0.03567737849935015
released,0.01,CH4,50,0.035324137128069456
released,0.01,CH4,51,0.034974393196108365
released,0.01,CH4,52,0.026904212945890245
released,0.01,CH4,53,0.024867542168437378
released,0.01,CH4,54,0.02462132887964097
released,0.01,CH4,55,0.024377553346179175
released,0.01,CH4,56,0.02413619143186057
released,0.01,CH4,57,0.02389721923946591
released,0.01,CH4,58,0.023660613108382092
released,0.01,CH4,59,0.023426349612259492
released,0.01,CH4,60,0.02319440555669257
released,0.01,CH4,61,0.022964757976923333
released,0.01,CH4,62,0.02273738413556766
released,0.01,CH4,63,0.022512261520364014
released,0.01,CH4,64,0.022289367841944567
released,0.01,CH4,65,0.022068681031628287
released,0.01,CH4,66,0.021850179239235927
released,0.01,CH4,67,0.021633840830926666
released,0.01,CH4,68,0.0214196443870561
released,0.01,CH4,69,0.021207568700055548
released,0.01,N2O,1,0.0003
released,0.01,N2O,2,0.002514851485148515
released,0.01,N2O,3,0.002489951965493579
released,0.01,N2O,4,0.0024652989757362165
released,0.01,N2O,5,0.0024408900749863533
released,0.01,N2O,6,0.002416722846521142
released,0.01,N2O,7,0.0023927948975456846
released,0.01,N2O,8,0.0023691038589561237
released,0.01,N2O,9,0.002345647385105073
released,0.01,N2O,10,0.0023224231535693795
released,0.01,N2O,11,0.0022994288649201776
released,0.01,N2O,12,0.0022766622424952253
released,0.01,N2O,13,0.0022541210321734904
released,0.01,N2O,14,0.0022318030021519705
released,0.01,N2O,15,0.002209705942724723
released,0.01,N2O,16,0.0021878276660640826
released,0.01,N2O,17,0.002174694218626105
released,0.01,N2O,18,0.0021447188178257844
released,0.01,N2O,19,0.0021234839780453307
released,0.01,N2O,20,0.007648316814975777
released,0.01,N2O,21,0.00757259090591661
released,0.01,N2O,22,0.007497614758333277
released,0.01,N2O,23,0.0074233809488448285
released,0.01,N2O,24,0.007349882127569137
released,0.01,N2O,25,0.007277111017395185
released,0.01,N2O,26,0.00720506041326256
released,0.01,N2O,27,0.007156884620348885
released,0.01,N2O,28,0.007063092258859483
released,0.01,N2O,29,0.006993160652336123
released,0.01,N2O,30,0.006923921437956557
released,0.01,N2O,31,0.006855367760353026
released,0.01,N2O,32,0.006787492832032699
released,0.01,N2O,33,0.006720289932705644
released,0.01,N2O,34,0.006660953439364708
released,0.01,N2O,35,0.006587873671900444
released,0.01,N2O,36,0.00652264719990143
released,0.01,N2O,37,0.00645806653455587
released,0.01,N2O,38,0.0063941252817384855
released,0.01,N2O,39,0.006330817110632165
released,0.01,N2O,40,0.006268135753101153
released,0.01,N2O,41,0.006206075003070448
released,0.01,N2O,42,0.006144628715911335
released,0.01,N2O,43,0.006083790807833004
released,0.01,N2O,44,0.006023555255280203
released,0.01,N2O,45,0.005963916094336834
released,0.01,N2O,46,0.00590486742013548
released,0.01,N2O,47,0.0058464033862727525
released,0.01,N2O,48,0.005788518204230447
released,0.01,N2O,49,0.0057312061428024235
released,0.01,N2O,50,0.005674461527527152
released,0.01,N2O,51,0.005618278740125892
released,0.01,N2O,52,0.004322493823036293
released,0.01,N2O,53,0.003999549567358936
released,0.01,N2O,54,0.003959950066692016
released,0.01,N2O,55,0.003920742640289124
released,0.01,N2O,56,0.0038819234062268553
released,0.01,N2O,57,0.0038434885210166885
released,0.01,N2O,58,0.0038054341792244446
released,0.01,N2O,59,0.003767756613093509
released,0.01,N2O,60,0.003730452092171791
released,0.01,N2O,61,0.003693516922942367
released,0.01,N2O,62,0.00365694744845779
released,0.01,N2O,63,0.003620740047978009
released,0.01,N2O,64,0.00358489113661189
released,0.01,N2O,65,0.0035493971649622675
released,0.01,N2O,66,0.0035142546187745226
released,0.01,N2O,67,0.0034794600185886365
released,0.01,N2O,68,0.003445009919394689
released,0.01,N2O,69,0.0034109009102917718
released,0.03,CO2,1,85.18884
released,0.03,CO2,2,86.74514563106796
released,0.03,CO2,3,84.2185879913281
released,0.03,CO2,4,81.76561940905643
released,0.03,CO2,5,79.384096513647
released,0.03,CO2,6,77.07193836276409
released,0.03,CO2,7,74.8271246240428
released,0.03,CO2,8,72.64769380975028
released,0.03,CO2,9,70.64901619871404
released,0.03,CO2,10,68.47741899307219
released,0.03,CO2,11,66.48293106123513
released,0.03,CO2,12,64.54653501090789
released,0.03,CO2,13,62.666538845541645
released,0.03,CO2,14,60.84129985004042
released,0.03,CO2,15,59.06922315537905
released,0.03,CO2,16,57.34876034502821
released,0.03,CO2,17,61.033848692602255
released,0.03,CO2,18,54.05670689511565
released,0.03,CO2,19,52.48223970399578
released,0.03,CO2,20,146.78361648557294
released,0.03,CO2,21,142.50836551997375
released,0.03,CO2,22,138.35763642715898
released,0.03,CO2,23,134.327802356465
released,0.03,CO2,24,130.41534209365534
released,0.03,CO2,25,126.68991866000198
released,0.03,CO2,26,122.92896794575864
released,0.03,CO2,27,128.98721894428002
released,0.03,CO2,28,115.87234229970649
released,0.03,CO2,29,112.49741970845291
released,0.03,CO2,30,109.22079583344942
released,0.03,CO2,31,106.0396076052907
released,0.03,CO2,32,102.95107534494244
released,0.03,CO2,33,100.01019168468694
released,0.03,CO2,34,100.2253773036639
released,0.03,CO2,35,94.21481792336276
released,0.03,CO2,36,91.47069701297355
released,0.03,CO2,37,88.80650195434325
released,0.03,CO2,38,86.219904810042
released,0.03,CO2,39,83.70864544664269
released,0.03,CO2,40,81.27052955984728
released,0.03,CO2,41,78.94896884139862
released,0.03,CO2,42,76.64948431203752
released,0.03,CO2,43,74.37404727790864
released,0.03,CO2,44,72.20781289117343
released,0.03,CO2,45,70.10467270987712
released,0.03,CO2,46,68.06278903871565
released,0.03,CO2,47,66.08037770749092
released,0.03,CO2,48,64.15570651212711
released,0.03,CO2,49,62.28709370109428
released,0.03,CO2,50,60.472906505916775
released,0.03,CO2,51,58.7115597144823
released,0.03,CO2,52,39.763887475507254
released,0.03,CO2,53,36.13041983501489
released,0.03,CO2,54,35.078077509723194
released,0.03,CO2,55,34.05638593177009
released,0.03,CO2,56,33.064452360941836
released,0.03,CO2,57,32.101410059166824
released,0.03,CO2,58,31.16641753317167
released,0.03,CO2,59,30.258657799195802
released,0.03,CO2,60,29.37733766912213
released,0.03,CO2,61,28.52168705740013
released,0.03,CO2,62,27.690958308155466
released,0.03,CO2,63,26.88442554189851
released,0.03,CO2,64,26.101384021260685
released,0.03,CO2,65,25.341149535204554
released,0.03,CO2,66,24.603057801169463
released,0.03,CO2,67,23.88646388463055
released,0.03,CO2,68,23.19074163556364
released,0.03,CO2,69,22.515283141323923
released,0.03,CH4,1,0.17143
released,0.03,CH4,2,0.01533980582524272
released,0.03,CH4,3,0.01489301536431332
released,0.03,CH4,4,0.014459238217779924
released,0.03,CH4,5,0.014038095357067884
released,0.03,CH4,6,0.01362921879326979
released,0.03,CH4,7,0.013232251255601738
released,0.03,CH4,8,0.012846845879224987
released,0.03,CH4,9,0.012859476426974008
released,0.03,CH4,10,0.012109384371029304
released,0.03,CH4,11,0.011756683855368256
released,0.03,CH4,12,0.011414256170260442
released,0.03,CH4,13,0.011081802107048974
released,0.03,CH4,14,0.010759031171892206
released,0.03,CH4,15,0.01044566133193418
released,0.03,CH4,16,0.010141418768868137
released,0.03,CH4,17,0.02757513706049004
released,0.03,CH4,18,0.009559259844347379
released,0.03,CH4,19,0.00928083480033726
released,0.03,CH4,20,0.0328028522622219
released,0.03,CH4,21,0.031847429380797966
released,0.03,CH4,22,0.030919834350289284
released,0.03,CH4,23,0.030019256650766296
released,0.03,CH4,24,0.029144909369676012
released,0.03,CH4,25,0.028537076045054913
released,0.03,CH4,26,0.027471872343930635
released,0.03,CH4,27,0.05857855491730621
released,0.03,CH4,28,0.025894874487633734
released,0.03,CH4,29,0.02514065484236285
released,0.03,CH4,30,0.024408402759575582
released,0.03,CH4,31,0.023697478407354935
released,0.03,CH4,32,0.02300726058966499
released,0.03,CH4,33,0.02252743135028535
released,0.03,CH4,34,0.03222820357090076
released,0.03,CH4,35,0.021054902633196565
released,0.03,CH4,36,0.02044165304193841
released,0.03,CH4,37,0.019846265089260594
released,0.03,CH4,38,0.019268218533262715
released,0.03,CH4,39,0.018707008284721077
released,0.03,CH4,40,0.01816214396574862
released,0.03,CH4,41,0.0177833623332885
released,0.03,CH4,42,0.017119562603212953
released,0.03,CH4,43,0.016620934566226164
released,0.03,CH4,44,0.016136829675947734
released,0.03,CH4,45,0.015666824928104593
released,0.03,CH4,46,0.0152105096389365
released,0.03,CH4,47,0.014767485086346115
released,0.03,CH4,48,0.014337364161501083
released,0.03,CH4,49,0.013919771030583575
released,0.03,CH4,50,0.01351434080639182
released,0.03,CH4,51,0.01312071922950662
released,0.03,CH4,52,0.009897189704664158
released,0.03,CH4,53,0.008970334026608084
released,0.03,CH4,54,0.00870906216175542
released,0.03,CH4,55,0.008455400157044097
released,0.03,CH4,56,0.00820912636606223
released,0.03,CH4,57,0.007970025598118668
released,0.03,CH4,58,0.0077378889302123
released,0.03,CH4,59,0.007512513524477961
released,0.03,CH4,60,0.007293702450949476
released,0.03,CH4,61,0.0070812645154849285
released,0.03,CH4,62,0.006875014092703814
released,0.03,CH4,63,0.00667477096379011
released,0.03,CH4,64,0.006480360159019524
released,0.03,CH4,65,0.006291611804873325
released,0.03,CH4,66,0.006108360975605169
released,0.03,CH4,67,0.005930447549131233
released,0.03,CH4,68,0.0057577160671177015
released,0.03,CH4,69,0.005590015599143399
released,0.03,N2O,1,0.0003
released,0.03,N2O,2,0.0024660194174757283
released,0.03,N2O,3,0.002394193609199736
released,0.03,N2O,4,0.0023244598147570254
released,0.03,N2O,5,0.0022567571017058498
released,0.03,N2O,6,0.0021910263123357766
released,0.03,N2O,7,0.002127210011976482
released,0.03,N2O,8,0.002065252438812118
released,0.03,N2O,9,0.0020050994551573964
released,0.03,N2O,10,0.001946698500152812
released,0.03,N2O,11,0.0018899985438376814
released,0.03,N2O,12,0.0018349500425608558
released,0.03,N2O,13,0.0017815048956901513
released,0.03,N2O,14,0.001729616403582671
released,0.03,N2O,15,0.001679239226779292
released,0.03,N2O,16,0.0016303293463876623
released,0.03,N2O,17,0.0015890756950112906
released,0.03,N2O,18,0.0015367417724457177
released,0.03,N2O,19,0.001491982303345357
released,0.03,N2O,20,0.005269442887742183
released,0.03,N2O,21,0.005115963968681731
released,0.03,N2O,22,0.004966955309399739
released,0.03,N2O,23,0.004822286708155086
released,0.03,N2O,24,0.004681831755490374
released,0.03,N2O,25,0.004545467723777063
released,0.03,N2O,26,0.00441307545997773
released,0.03,N2O,27,0.004298450123354932
released,0.03,N2O,28,0.0041597468752735695
released,0.03,N2O,29,0.004038589199294728
released,0.03,N2O,30,0.003920960387664784
released,0.03,N2O,31,0.0038067576579269746
released,0.03,N2O,32,0.0036958812212883256
released,0.03,N2O,33,0.003588234195425558
released,0.03,N2O,34,0.003487492782297988
released,0.03,N2O,35,0.0033822548736219798
released,0.03,N2O,36,0.0032837425957494945
released,0.03,N2O,37,0.003188099607523781
released,0.03,N2O,38,0.003095242337401729
released,0.03,N2O,39,0.0030050896479628434
released,0.03,N2O,40,0.0029175627650124695
released,0.03,N2O,41,0.0028325852087499703
released,0.03,N2O,42,0.0027500827269417187
released,0.03,N2O,43,0.0026699832300405035
released,0.03,N2O,44,0.0025922167281946635
released,0.03,N2O,45,0.002516715270091906
released,0.03,N2O,46,0.0024434128835843748
released,0.03,N2O,47,0.002372245518043082
released,0.03,N2O,48,0.002303150988391342
released,0.03,N2O,49,0.002236068920768293
released,0.03,N2O,50,0.002170940699775042
released,0.03,N2O,51,0.002107709417257322
released,0.03,N2O,52,0.0015901056630004172
released,0.03,N2O,53,0.0014427358897061418
released,0.03,N2O,54,0.0014007144560253804
released,0.03,N2O,55,0.0013599169475974565
released,0.03,N2O,56,0.0013203077161140354
released,0.03,N2O,57,0.0012818521515670245
released,0.03,N2O,58,0.0012445166520068198
released,0.03,N2O,59,0.0012082685941813788
released,0.03,N2O,60,0.0011730763050304645
released,0.03,N2O,61,0.0011389090340101597
released,0.03,N2O,62,0.0011057369262234562
released,0.03,N2O,63,0.0010735309963334524
released,0.03,N2O,64,0.0010422631032363616
released,0.03,N2O,65,0.0010119059254721958
released,0.03,N2O,66,0.0009824329373516463
released,0.03,N2O,67,0.0009538183857782975
released,0.03,N2O,68,0.0009260372677459198
released,0.03,N2O,69,0.0008990653084911843
released,0.09,CO2,1,85.18884
released,0.09,CO2,2,81.97018348623853
released,0.09,CO2,3,75.20200319838396
released,0.09,CO2,4,68.99266348475592
released,0.09,CO2,5,63.296021545647626
released,0.09,CO2,6,58.0697445372914
released,0.09,CO2,7,53.27499498834073
released,0.09,CO2,8,48.87614219113828
released,0.09,CO2,9,44.91505467757082
released,0.09,CO2,10,41.13807103033269
released,0.09,CO2,11,37.74134956911256
released,0.09,CO2,12,34.625091347809686
released,0.09,CO2,13,31.766138851201543
released,0.09,CO2,14,29.14324665247848
released,0.09,CO2,15,26.736923534383926
released,0.09,CO2,16,24.52928764622378
released,0.09,CO2,17,24.668479692518343
released,0.09,CO2,18,20.645810660907145
released,0.09,CO2,19,18.941110698079946
released,0.09,CO2,20,50.058910387686645
released,0.09,CO2,21,45.925605860262976
released,0.09,CO2,22,42.133583358039424
released,0.09,CO2,23,38.65466363122883
released,0.09,CO2,24,35.46299415709066
released,0.09,CO2,25,32.55363574285231
released,0.09,CO2,26,29.848492683352124
released,0.09,CO2,27,29.595492742263716
released,0.09,CO2,28,25.12287912074078
released,0.09,CO2,29,23.04851295480805
released,0.09,CO2,30,21.1454247291817
released,0.09,CO2,31,19.39947222860706
released,0.09,CO2,32,17.797680943676202
released,0.09,CO2,33,16.337572060087734
released,0.09,CO2,34,15.471473688538762
released,0.09,CO2,35,13.743075208104372
released,0.09,CO2,36,12.608325878994835
released,0.09,CO2,37,11.567271448619115
released,0.09,CO2,38,10.612175640934966
released,0.09,CO2,39,9.735940954986207
released,0.09,CO2,40,8.932055922005693
released,0.09,CO2,41,8.199276508681994
released,0.09,CO2,42,7.522272026313754
released,0.09,CO2,43,6.897186025954394
released,0.09,CO2,44,6.327693601793021
released,0.09,CO2,45,5.805223487883505
released,0.09,CO2,46,5.325893108150003
released,0.09,CO2,47,4.886140466192664
released,0.09,CO2,48,4.482697675406113
released,0.09,CO2,49,4.112566674684508
released,0.09,CO2,50,3.7729969492518416
released,0.09,CO2,51,3.4614650910567346
released,0.09,CO2,52,2.2153171067373894
released,0.09,CO2,53,1.9020888504230293
released,0.09,CO2,54,1.745035642589935
released,0.09,CO2,55,1.600950130816454
released,0.09,CO2,56,1.4687615879050036
released,0.09,CO2,57,1.3474876953256913
released,0.09,CO2,58,1.2362272434180654
released,0.09,CO2,59,1.1341534343285002
released,0.09,CO2,60,1.040507737916055
released,0.09,CO2,61,0.9545942549688577
released,0.09,CO2,62,0.8757745458429889
released,0.09,CO2,63,0.803462886094485
released,0.09,CO2,64,0.7371219138481514
released,0.09,CO2,65,0.6762586365579369
released,0.09,CO2,66,0.6204207674843458
released,0.09,CO2,67,0.5691933646645374
released,0.09,CO2,68,0.5221957473986581
released,0.09,CO2,69,0.47907866733821847
released,0.09,CH4,1,0.17143
released,0.09,CH4,2,0.014495412844036697
released,0.09,CH4,3,0.01329854389361165
released,0.09,CH4,4,0.012200498984964815
released,0.09,CH4,5,0.011193118334830103
released,0.09,CH4,6,0.010268915903513856
released,0.09,CH4,7,0.009421023764691611
released,0.09,CH4,8,0.008643141068524412
released,0.09,CH4,9,0.00817540169586939
released,0.09,CH4,10,0.007274758916357554
released,0.09,CH4,11,0.006674090748951884
released,0.09,CH4,12,0.006123019035735674
released,0.09,CH4,13,0.005617448656638232
released,0.09,CH4,14,0.0051536226207690205
released,0.09,CH4,15,0.0047280941474945135
released,0.09,CH4,16,0.004337701052747259
released,0.09,CH4,17,0.011145236998261886
released,0.09,CH4,18,0.0036509561928686637
released,0.09,CH4,19,0.00334950109437492
released,0.09,CH4,20,0.011187045810500836
released,0.09,CH4,21,0.010263344780275995
released,0.09,CH4,22,0.00941591264245504
released,0.09,CH4,23,0.008638451965555084
released,0.09,CH4,24,0.007925185289500076
released,0.09,CH4,25,0.007332750613171634
released,0.09,CH4,26,0.006670469901102663
released,0.09,CH4,27,0.01344056574827263
released,0.09,CH4,28,0.00561440106144488
released,0.09,CH4,29,0.0051508266618760365
released,0.09,CH4,30,0.004725529047592694
released,0.09,CH4,31,0.00433534775008504
released,0.09,CH4,32,0.003977383256958752
released,0.09,CH4,33,0.003680060270000657
released,0.09,CH4,34,0.004974965592450149
released,0.09,CH4,35,0.0030712696448950186
released,0.09,CH4,36,0.0028176785732981816
released,0.09,CH4,37,0.002585026214035029
released,0.09,CH4,38,0.002371583682600944
released,0.09,CH4,39,0.002175764846422884
released,0.09,CH4,40,0.0019961145380026457
released,0.09,CH4,41,0.001846898156676792
released,0.09,CH4,42,0.0016800896709053496
released,0.09,CH4,43,0.0015413666705553666
released,0.09,CH4,44,0.0014140978628948313
released,0.09,CH4,45,0.0012973374888943406
released,0.09,CH4,46,0.0011902178797195784
released,0.09,CH4,47,0.0010919430089170444
released,0.09,CH4,48,0.0010017825769881139
released,0.09,CH4,49,0.0009190665843927653
released,0.09,CH4,50,0.0008431803526539129
released,0.09,CH4,51,0.0007735599565632228
released,0.09,CH4,52,0.000551390094212311
released,0.09,CH4,53,0.0004722439543878752
released,0.09,CH4,54,0.00043325133430080286
released,0.09,CH4,55,0.00039747828834936044
released,0.09,CH4,56,0.00036465898013702787
released,0.09,CH4,57,0.00033454952306149344
released,0.09,CH4,58,0.0003069261679463243
released,0.09,CH4,59,0.00028158364031772865
released,0.09,CH4,60,0.0002583336149703932
released,0.09,CH4,61,0.00023700331648659925
released,0.09,CH4,62,0.00021743423530880667
released,0.09,CH4,63,0.00019948094982459325
released,0.09,CH4,64,0.000183010045710636
released,0.09,CH4,65,0.00016789912450517063
released,0.09,CH4,66,0.00015403589404144093
released,0.09,CH4,67,0.00014131733398297332
released,0.09,CH4,68,0.00012964893025960855
released,0.09,CH4,69,0.00011894397271523719
released,0.09,N2O,1,0.0003
released,0.09,N2O,2,0.002330275229357798
released,0.09,N2O,3,0.0021378671828970624
released,0.09,N2O,4,0.001961346039355103
released,0.09,N2O,5,0.0017994000361055986
released,0.09,N2O,6,0.001650825721197797
released,0.09,N2O,7,0.0015145190102732083
released,0.09,N2O,8,0.0013894669819020258
released,0.09,N2O,9,0.0012747403503688306
released,0.09,N2O,10,0.0011694865599714043
released,0.09,N2O,11,0.0010729234495150497
released,0.09,N2O,12,0.000984333439922064
released,0.09,N2O,13,0.0009030582017633613
released,0.09,N2O,14,0.0008284937630856526
released,0.09,N2O,15,0.0007600860211794978
released,0.09,N2O,16,0.0006973266249353188
released,0.09,N2O,17,0.0006422678948150918
released,0.09,N2O,18,0.0005869258689801522
released,0.09,N2O,19,0.000538464099981791
released,0.09,N2O,20,0.00179708454953108
released,0.09,N2O,21,0.0016487014215881466
released,0.09,N2O,22,0.0015125701115487583
released,0.09,N2O,23,0.0013876790014208792
released,0.09,N2O,24,0.0012731000013035587
released,0.09,N2O,25,0.001167981652572072
released,0.09,N2O,26,0.0010715428005248367
released,0.09,N2O,27,0.0009862585647628219
released,0.09,N2O,28,0.0009018961371305754
released,0.09,N2O,29,0.0008274276487436471
released,0.09,N2O,30,0.0007591079346271991
released,0.09,N2O,31,0.0006964292978231183
released,0.09,N2O,32,0.0006389259613056131
released,0.09,N2O,33,0.0005861706067023973
released,0.09,N2O,34,0.0005383532022714539
released,0.09,N2O,35,0.0004933680723023292
released,0.09,N2O,36,0.00045263125899296244
released,0.09,N2O,37,0.00041525803577336
released,0.09,N2O,38,0.0003809706750214312
released,0.09,N2O,39,0.00034951438075360653
released,0.09,N2O,40,0.000320655395186795
released,0.09,N2O,41,0.00029417926163926146
released,0.09,N2O,42,0.0002698892308617077
released,0.09,N2O,43,0.0002476047989556952
released,0.09,N2O,44,0.0002271603660143992
released,0.09,N2O,45,0.0002084040055177974
released,0.09,N2O,46,0.00019119633533742878
released,0.09,N2O,47,0.00017540948196094385
released,0.09,N2O,48,0.000160926130239398
released,0.09,N2O,49,0.000147638651595778
released,0.09,N2O,50,0.00013544830421631008
released,0.09,N2O,51,0.0001242644992810184
released,0.09,N2O,52,8.858762310235832e-05
released,0.09,N2O,53,7.595294664292049e-05
released,0.09,N2O,54,6.968160242469768e-05
released,0.09,N2O,55,6.392807561898869e-05
released,0.09,N2O,56,5.864961065962265e-05
released,0.09,N2O,57,5.380698225653454e-05
released,0.09,N2O,58,4.936420390507756e-05
released,0.09,N2O,59,4.5288260463373896e-05
released,0.09,N2O,60,4.154886281043476e-05
released,0.09,N2O,61,3.811822276186675e-05
released,0.09,N2O,62,3.497084657051996e-05
released,0.09,N2O,63,3.208334547754124e-05
released,0.09,N2O,64,2.9434261906001142e-05
released,0.09,N2O,65,2.700391000550563e-05
released,0.09,N2O,66,2.4774229362849203e-05
released,0.09,N2O,67,2.2728650791604766e-05
released,0.09,N2O,68,2.0851973203307127e-05
released,0.09,N2O,69,1.9130250645235894e-05
stored,0.0,CO2,1,0.0
stored,0.0,CO2,2,-1733.02739
stored,0.0,CO2,3,-1733.02739
stored,0.0,CO2,4,-1733.02739
stored,0.0,CO2,5,-1733.02739
stored,0.0,CO2,6,-1733.02739
stored,0.0,CO2,7,-1733.02739
stored,0.0,CO2,8,-1733.02739
stored,0.0,CO2,9,-1733.02739
stored,0.0,CO2,10,-1733.02739
stored,0.0,CO2,11,-1733.02739
stored,0.0,CO2,12,-1733.02739
stored,0.0,CO2,13,-1733.02739
stored,0.0,CO2,14,-1733.02739
stored,0.0,CO2,15,-1733.02739
stored,0.0,CO2,16,-1733.02739
stored,0.0,CO2,17,-1733.02739
stored,0.0,CO2,18,-1733.02739
stored,0.0,CO2,19,-1733.02739
stored,0.0,CO2,20,-1733.02739
stored,0.0,CO2,21,-1733.02739
stored,0.0,CO2,22,-1733.02739
stored,0.0,CO2,23,-1733.02739
stored,0.0,CO2,24,-1733.02739
stored,0.0,CO2,25,-1733.02739
stored,0.0,CO2,26,-1733.02739
stored,0.0,CO2,27,-1733.02739
stored,0.0,CO2,28,-1733.02739
stored,0.0,CO2,29,-1733.02739
stored,0.0,CO2,30,-1733.02739
stored,0.0,CO2,31,-1733.02739
stored,0.0,CO2,32,-1733.02739
stored,0.0,CO2,33,-1733.02739
stored,0.0,CO2,34,-1733.02739
stored,0.0,CO2,35,-1733.02739
stored,0.0,CO2,36,-1733.02739
stored,0.0,CO2,37,-1733.02739
stored,0.0,CO2,38,-1733.02739
stored,0.0,CO2,39,-1733.02739
stored,0.0,CO2,40,-1733.02739
stored,0.0,CO2,41,-1733.02739
stored,0.0,CO2,42,-1733.02739
stored,0.0,CO2,43,-1733.02739
stored,0.0,CO2,44,-1733.02739
stored,0.0,CO2,45,-1733.02739
stored,0.0,CO2,46,-1733.02739
stored,0.0,CO2,47,-1733.02739
stored,0.0,CO2,48,-1733.02739
stored,0.0,CO2,49,-1733.02739
stored,0.0,CO2,50,-1733.02739
stored,0.0,CO2,51,-1733.02739
stored,0.0,CO2,52,0.0
stored,0.0,CO2,53,0.0
stored,0.0,CO2,54,0.0
stored,0.0,CO2,55,0.0
stored,0.0,CO2,56,0.0
stored,0.0,CO2,57,0.0
stored,0.0,CO2,58,0.0
stored,0.0,CO2,59,0.0
stored,0.0,CO2,60,0.0
stored,0.0,CO2,61,0.0
stored,0.0,CO2,62,0.0
stored,0.0,CO2,63,0.0
stored,0.0,CO2,64,0.0
stored,0.0,CO2,65,0.0
stored,0.0,CO2,66,0.0
stored,0.0,CO2,67,0.0
stored,0.0,CO2,68,0.0
stored,0.0,CO2,69,0.0
stored,0.0,CH4,1,0.0
stored,0.0,CH4,2,0.0
stored,0.0,CH4,3,0.0
stored,0.0,CH4,4,0.0
stored,0.0,CH4,5,0.0
stored,0.0,CH4,6,0.0
stored,0.0,CH4,7,0.0
stored,0.0,CH4,8,0.0
stored,0.0,CH4,9,0.0
stored,0.0,CH4,10,0.0
stored,0.0,CH4,11,0.0
stored,0.0,CH4,12,0.0
stored,0.0,CH4,13,0.0
stored,0.0,CH4,14,0.0
stored,0.0,CH4,15,0.0
stored,0.0,CH4,16,0.0
stored,0.0,CH4,17,0.0
stored,0.0,CH4,18,0.0
stored,0.0,CH4,19,0.0
stored,0.0,CH4,20,0.0
stored,0.0,CH4,21,0.0
stored,0.0,CH4,22,0.0
stored,0.0,CH4,23,0.0
stored,0.0,CH4,24,0.0
stored,0.0,CH4,25,0.0
stored,0.0,CH4,26,0.0
stored,0.0,CH4,27,0.0
stored,0.0,CH4,28,0.0
stored,0.0,CH4,29,0.0
stored,0.0,CH4,30,0.0
stored,0.0,CH4,31,0.0
stored,0.0,CH4,32,0.0
stored,0.0,CH4,33,0.0
stored,0.0,CH4,34,0.0
stored,0.0,CH4,35,0.0
stored,0.0,CH4,36,0.0
stored,0.0,CH4,37,0.0
stored,0.0,CH4,38,0.0
stored,0.0,CH4,39,0.0
stored,0.0,CH4,40,0.0
stored,0.0,CH4,41,0.0
stored,0.0,CH4,42,0.0
stored,0.0,CH4,43,0.0
stored,0.0,CH4,44,0.0
stored,0.0,CH4,45,0.0
stored,0.0,CH4,46,0.0
stored,0.0,CH4,47,0.0
stored,0.0,CH4,48,0.0
stored,0.0,CH4,49,0.0
stored,0.0,CH4,50,0.0
stored,0.0,CH4,51,0.0
stored,0.0,CH4,52,0.0
stored,0.0,CH4,53,0.0
stored,0.0,CH4,54,0.0
stored,0.0,CH4,55,0.0
stored,0.0,CH4,56,0.0
stored,0.0,CH4,57,0.0
stored,0.0,CH4,58,0.0
stored,0.0,CH4,59,0.0
stored,0.0,CH4,60,0.0
stored,0.0,CH4,61,0.0
stored,0.0,CH4,62,0.0
stored,0.0,CH4,63,0.0
stored,0.0,CH4,64,0.0
stored,0.0,CH4,65,0.0
stored,0.0,CH4,66,0.0
stored,0.0,CH4,67,0.0
stored,0.0,CH4,68,0.0
stored,0.0,CH4,69,0.0
stored,0.0,N2O,1,0.0
stored,0.0,N2O,2,0.0
stored,0.0,N2O,3,0.0
stored,0.0,N2O,4,0.0
stored,0.0,N2O,5,0.0
stored,0.0,N2O,6,0.0
stored,0.0,N2O,7,0.0
stored,0.0,N2O,8,0.0
stored,0.0,N2O,9,0.0
stored,0.0,N2O,10,0.0
stored,0.0,N2O,11,0.0
stored,0.0,N2O,12,0.0
stored,0.0,N2O,13,0.0
stored,0.0,N2O,14,0.0
stored,0.0,N2O,15,0.0
stored,0.0,N2O,16,0.0
stored,0.0,N2O,17,0.0
stored,0.0,N2O,18,0.0
stored,0.0,N2O,19,0.0
stored,0.0,N2O,20,0.0
stored,0.0,N2O,21,0.0
stored,0.0,N2O,22,0.0
stored,0.0,N2O,23,0.0
stored,0.0,N2O,24,0.0
stored,0.0,N2O,25,0.0
stored,0.0,N2O,26,0.0
stored,0.0,N2O,27,0.0
stored,0.0,N2O,28,0.0
stored,0.0,N2O,29,0.0
stored,0.0,N2O,30,0.0
stored,0.0,N2O,31,0.0
stored,0.0,N2O,32,0.0
stored,0.0,N2O,33,0.0
stored,0.0,N2O,34,0.0
stored,0.0,N2O,35,0.0
stored,0.0,N2O,36,0.0
stored,0.0,N2O,37,0.0
stored,0.0,N2O,38,0.0
stored,0.0,N2O,39,0.0
stored,0.0,N2O,40,0.0
stored,0.0,N2O,41,0.0
stored,0.0,N2O,42,0.0
stored,0.0,N2O,43,0.0
stored,0.0,N2O,44,0.0
stored,0.0,N2O,45,0.0
stored,0.0,N2O,46,0.0
stored,0.0,N2O,47,0.0
stored,0.0,N2O,48,0.0
stored,0.0,N2O,49,0.0
stored,0.0,N2O,50,0.0
stored,0.0,N2O,51,0.0
stored,0.0,N2O,52,0.0
stored,0.0,N2O,53,0.0
stored,0.0,N2O,54,0.0
stored,0.0,N2O,55,0.0
stored,0.0,N2O,56,0.0
stored,0.0,N2O,57,0.0
stored,0.0,N2O,58,0.0
stored,0.0,N2O,59,0.0
stored,0.0,N2O,60,0.0
stored,0.0,N2O,61,0.0
stored,0.0,N2O,62,0.0
stored,0.0,N2O,63,0.0
stored,0.0,N2O,64,0.0
stored,0.0,N2O,65,0.0
stored,0.0,N2O,66,0.0
stored,0.0,N2O,67,0.0
stored,0.0,N2O,68,0.0
stored,0.0,N2O,69,0.0
stored,-0.03,CO2,1,0.0
stored,-0.03,CO2,2,-1786.626175257732
stored,-0.03,CO2,3,-1841.8826549048786
stored,-0.03,CO2,4,-1898.848097840081
stored,-0.03,CO2,5,-1957.5753585980212
stored,-0.03,CO2,6,-2018.1189263897131
stored,-0.03,CO2,7,-2080.5349756594983
stored,-0.03,CO2,8,-2144.8814182056685
stored,-0.03,CO2,9,-2211.21795691306
stored,-0.03,CO2,10,-2279.6061411474843
stored,-0.03,CO2,11,-2350.109423863386
stored,-0.03,CO2,12,-2422.793220477718
stored,-0.03,CO2,13,-2497.7249695646574
stored,-0.03,CO2,14,-2574.9741954274823
stored,-0.03,CO2,15,-2654.612572605652
stored,-0.03,CO2,16,-2736.7139923769605
stored,-0.03,CO2,17,-2821.3546313164543
stored,-0.03,CO2,18,-2908.613021975726
stored,-0.03,CO2,19,-2998.570125748171
stored,-0.03,CO2,20,-3091.3094079878056
stored,-0.03,CO2,21,-3186.916915451346
stored,-0.03,CO2,22,-3285.481356135408
stored,-0.03,CO2,23,-3387.094181582895
stored,-0.03,CO2,24,-3491.8496717349444
stored,-0.03,CO2,25,-3599.845022407159
stored,-0.03,CO2,26,-3711.1804354712976
stored,-0.03,CO2,27,-3825.9592118260803
stored,-0.03,CO2,28,-3944.287847243382
stored,-0.03,CO2,29,-4066.2761311787444
stored,-0.03,CO2,30,-4192.037248637881
stored,-0.03,CO2,31,-4321.687885193691
stored,-0.03,CO2,32,-4455.3483352512285
stored,-0.03,CO2,33,-4593.14261366106
stored,-0.03,CO2,34,-4735.198570784599
stored,-0.03,CO2,35,-4881.648011118143
stored,-0.03,CO2,36,-5032.626815585714
stored,-0.03,CO2,37,-5188.275067614139
stored,-0.03,CO2,38,-5348.73718310736
stored,-0.03,CO2,39,-5514.162044440577
stored,-0.03,CO2,40,-5684.703138598534
stored,-0.03,CO2,41,-5860.518699586117
stored,-0.03,CO2,42,-6041.77185524342
stored,-0.03,CO2,43,-6228.630778601464
stored,-0.03,CO2,44,-6421.268843919036
stored,-0.03,CO2,45,-6619.864787545397
stored,-0.03,CO2,46,-6824.602873758142
stored,-0.03,CO2,47,-7035.673065730044
stored,-0.03,CO2,48,-7253.27120178355
stored,-0.03,CO2,49,-7477.599177096443
stored,-0.03,CO2,50,-7708.865131027262
stored,-0.03,CO2,51,-7947.283640234291
stored,-0.03,CO2,52,0.0
stored,-0.03,CO2,53,0.0
stored,-0.03,CO2,54,0.0
stored,-0.03,CO2,55,0.0
stored,-0.03,CO2,56,0.0
stored,-0.03,CO2,57,0.0
stored,-0.03,CO2,58,0.0
stored,-0.03,CO2,59,0.0
stored,-0.03,CO2,60,0.0
stored,-0.03,CO2,61,0.0
stored,-0.03,CO2,62,0.0
stored,-0.03,CO2,63,0.0
stored,-0.03,CO2,64,0.0
stored,-0.03,CO2,65,0.0
stored,-0.03,CO2,66,0.0
stored,-0.03,CO2,67,0.0
stored,-0.03,CO2,68,0.0
stored,-0.03,CO2,69,0.0
stored,-0.03,CH4,1,0.0
stored,-0.03,CH4,2,0.0
stored,-0.03,CH4,3,0.0
stored,-0.03,CH4,4,0.0
stored,-0.03,CH4,5,0.0
stored,-0.03,CH4,6,0.0
stored,-0.03,CH4,7,0.0
stored,-0.03,CH4,8,0.0
stored,-0.03,CH4,9,0.0
stored,-0.03,CH4,10,0.0
stored,-0.03,CH4,11,0.0
stored,-0.03,CH4,12,0.0
stored,-0.03,CH4,13,0.0
stored,-0.03,CH4,14,0.0
stored,-0.03,CH4,15,0.0
stored,-0.03,CH4,16,0.0
stored,-0.03,CH4,17,0.0
stored,-0.03,CH4,18,0.0
stored,-0.03,CH4,19,0.0
stored,-0.03,CH4,20,0.0
stored,-0.03,CH4,21,0.0
stored,-0.03,CH4,22,0.0
stored,-0.03,CH4,23,0.0
stored,-0.03,CH4,24,0.0
stored,-0.03,CH4,25,0.0
stored,-0.03,CH4,26,0.0
stored,-0.03,CH4,27,0.0
stored,-0.03,CH4,28,0.0
stored,-0.03,CH4,29,0.0
stored,-0.03,CH4,30,0.0
stored,-0.03,CH4,31,0.0
stored,-0.03,CH4,32,0.0
stored,-0.03,CH4,33,0.0
stored,-0.03,CH4,34,0.0
stored,-0.03,CH4,35,0.0
stored,-0.03,CH4,36,0.0
stored,-0.03,CH4,37,0.0
stored,-0.03,CH4,38,0.0
stored,-0.03,CH4,39,0.0
stored,-0.03,CH4,40,0.0
stored,-0.03,CH4,41,0.0
stored,-0.03,CH4,42,0.0
stored,-0.03,CH4,43,0.0
stored,-0.03,CH4,44,0.0
stored,-0.03,CH4,45,0.0
stored,-0.03,CH4,46,0.0
stored,-0.03,CH4,47,0.0
stored,-0.03,CH4,48,0.0
stored,-0.03,CH4,49,0.0
stored,-0.03,CH4,50,0.0
stored,-0.03,CH4,51,0.0
stored,-0.03,CH4,52,0.0
stored,-0.03,CH4,53,0.0
stored,-0.03,CH4,54,0.0
stored,-0.03,CH4,55,0.0
stored,-0.03,CH4,56,0.0
stored,-0.03,CH4,57,0.0
stored,-0.03,CH4,58,0.0
stored,-0.03,CH4,59,0.0
stored,-0.03,CH4,60,0.0
stored,-0.03,CH4,61,0.0
stored,-0.03,CH4,62,0.0
stored,-0.03,CH4,63,0.0
stored,-0.03,CH4,64,0.0
stored,-0.03,CH4,65,0.0
stored,-0.03,CH4,66,0.0
stored,-0.03,CH4,67,0.0
stored,-0.03,CH4,68,0.0
stored,-0.03,CH4,69,0.0
stored,-0.03,N2O,1,0.0
stored,-0.03,N2O,2,0.0
stored,-0.03,N2O,3,0.0
stored,-0.03,N2O,4,0.0
stored,-0.03,N2O,5,0.0
stored,-0.03,N2O,6,0.0
stored,-0.03,N2O,7,0.0
stored,-0.03,N2O,8,0.0
stored,-0.03,N2O,9,0.0
stored,-0.03,N2O,10,0.0
stored,-0.03,N2O,11,0.0
stored,-0.03,N2O,12,0.0
stored,-0.03,N2O,13,0.0
stored,-0.03,N2O,14,0.0
stored,-0.03,N2O,15,0.0
stored,-0.03,N2O,16,0.0
stored,-0.03,N2O,17,0.0
stored,-0.03,N2O,18,0.0
stored,-0.03,N2O,19,0.0
stored,-0.03,N2O,20,0.0
stored,-0.03,N2O,21,0.0
stored,-0.03,N2O,22,0.0
stored,-0.03,N2O,23,0.0
stored,-0.03,N2O,24,0.0
stored,-0.03,N2O,25,0.0
stored,-0.03,N2O,26,0.0
stored,-0.03,N2O,27,0.0
stored,-0.03,N2O,28,0.0
stored,-0.03,N2O,29,0.0
stored,-0.03,N2O,30,0.0
stored,-0.03,N2O,31,0.0
stored,-0.03,N2O,32,0.0
stored,-0.03,N2O,33,0.0
stored,-0.03,N2O,34,0.0
stored,-0.03,N2O,35,0.0
stored,-0.03,N2O,36,0.0
stored,-0.03,N2O,37,0.0
stored,-0.03,N2O,38,0.0
stored,-0.03,N2O,39,0.0
stored,-0.03,N2O,40,0.0
stored,-0.03,N2O,41,0.0
stored,-0.03,N2O,42,0.0
stored,-0.03,N2O,43,0.0
stored,-0.03,N2O,44,0.0
stored,-0.03,N2O,45,0.0
stored,-0.03,N2O,46,0.0
stored,-0.03,N2O,47,0.0
stored,-0.03,N2O,48,0.0
stored,-0.03,N2O,49,0.0
stored,-0.03,N2O,50,0.0
stored,-0.03,N2O,51,0.0
stored,-0.03,N2O,52,0.0
stored,-0.03,N2O,53,0.0
stored,-0.03,N2O,54,0.0
stored,-0.03,N2O,55,0.0
stored,-0.03,N2O,56,0.0
stored,-0.03,N2O,57,0.0
stored,-0.03,N2O,58,0.0
stored,-0.03,N2O,59,0.0
stored,-0.03,N2O,60,0.0
stored,-0.03,N2O,61,0.0
stored,-0.03,N2O,62,0.0
stored,-0.03,N2O,63,0.0
stored,-0.03,N2O,64,0.0
stored,-0.03,N2O,65,0.0
stored,-0.03,N2O,66,0.0
stored,-0.03,N2O,67,0.0
stored,-0.03,N2O,68,0.0
stored,-0.03,N2O,69,0.0
stored,-0.01,CO2,1,0.0
stored,-0.01,CO2,2,-1750.5327171717172
stored,-0.01,CO2,3,-1768.2148658300173
stored,-0.01,CO2,4,-1786.0756220505227
stored,-0.01,CO2,5,-1804.116789950023
stored,-0.01,CO2,6,-1822.3401918687098
stored,-0.01,CO2,7,-1840.7476685542524
stored,-0.01,CO2,8,-1859.3410793477299
stored,-0.01,CO2,9,-1878.1223023714442
stored,-0.01,CO2,10,-1897.0932347186306
stored,-0.01,CO2,11,-1916.2557926450816
stored,-0.01,CO2,12,-1935.6119117627084
stored,-0.01,CO2,13,-1955.1635472350592
stored,-0.01,CO2,14,-1974.9126739748074
stored,-0.01,CO2,15,-1994.8612868432397
stored,-0.01,CO2,16,-2015.0114008517573
stored,-0.01,CO2,17,-2035.365051365411
stored,-0.01,CO2,18,-2055.9242943084964
stored,-0.01,CO2,19,-2076.6912063722184
stored,-0.01,CO2,20,-2097.667885224463
stored,-0.01,CO2,21,-2118.85644972168
stored,-0.01,CO2,22,-2140.259040122909
stored,-0.01,CO2,23,-2161.8778183059685
stored,-0.01,CO2,24,-2183.7149679858267
stored,-0.01,CO2,25,-2205.772694935179
stored,-0.01,CO2,26,-2228.053227207251
stored,-0.01,CO2,27,-2250.55881536086
stored,-0.01,CO2,28,-2273.2917326877373
stored,-0.01,CO2,29,-2296.254275442159
stored,-0.01,CO2,30,-2319.448763072888
stored,-0.01,CO2,31,-2342.877538457463
stored,-0.01,CO2,32,-2366.542968138851
stored,-0.01,CO2,33,-2390.447442564496
stored,-0.01,CO2,34,-2414.593376327774
stored,-0.01,CO2,35,-2438.983208411893
stored,-0.01,CO2,36,-2463.6194024362558
stored,-0.01,CO2,37,-2488.5044469053087
stored,-0.01,CO2,38,-2513.640855459908
stored,-0.01,CO2,39,-2539.03116713122
stored,-0.01,CO2,40,-2564.6779465971917
stored,-0.01,CO2,41,-2590.583784441608
stored,-0.01,CO2,42,-2616.7512974157653
stored,-0.01,CO2,43,-2643.1831287027935
stored,-0.01,CO2,44,-2669.88194818464
stored,-0.01,CO2,45,-2696.8504527117575
stored,-0.01,CO2,46,-2724.0913663755127
stored,-0.01,CO2,47,-2751.607440783346
stored,-0.01,CO2,48,-2779.4014553367133
stored,-0.01,CO2,49,-2807.4762175118317
stored,-0.01,CO2,50,-2835.8345631432644
stored,-0.01,CO2,51,-2864.479356710368
stored,-0.01,CO2,52,0.0
stored,-0.01,CO2,53,0.0
stored,-0.01,CO2,54,0.0
stored,-0.01,CO2,55,0.0
stored,-0.01,CO2,56,0.0
stored,-0.01,CO2,57,0.0
stored,-0.01,CO2,58,0.0
stored,-0.01,CO2,59,0.0
stored,-0.01,CO2,60,0.0
stored,-0.01,CO2,61,0.0
stored,-0.01,CO2,62,0.0
stored,-0.01,CO2,63,0.0
stored,-0.01,CO2,64,0.0
stored,-0.01,CO2,65,0.0
stored,-0.01,CO2,66,0.0
stored,-0.01,CO2,67,0.0
stored,-0.01,CO2,68,0.0
stored,-0.01,CO2,69,0.0
stored,-0.01,CH4,1,0.0
stored,-0.01,CH4,2,0.0
stored,-0.01,CH4,3,0.0
stored,-0.01,CH4,4,0.0
stored,-0.01,CH4,5,0.0
stored,-0.01,CH4,6,0.0
stored,-0.01,CH4,7,0.0
stored,-0.01,CH4,8,0.0
stored,-0.01,CH4,9,0.0
stored,-0.01,CH4,10,0.0
stored,-0.01,CH4,11,0.0
stored,-0.01,CH4,12,0.0
stored,-0.01,CH4,13,0.0
stored,-0.01,CH4,14,0.0
stored,-0.01,CH4,15,0.0
stored,-0.01,CH4,16,0.0
stored,-0.01,CH4,17,0.0
stored,-0.01,CH4,18,0.0
stored,-0.01,CH4,19,0.0
stored,-0.01,CH4,20,0.0
stored,-0.01,CH4,21,0.0
stored,-0.01,CH4,22,0.0
stored,-0.01,CH4,23,0.0
stored,-0.01,CH4,24,0.0
stored,-0.01,CH4,25,0.0
stored,-0.01,CH4,26,0.0
stored,-0.01,CH4,27,0.0
stored,-0.01,CH4,28,0.0
stored,-0.01,CH4,29,0.0
stored,-0.01,CH4,30,0.0
stored,-0.01,CH4,31,0.0
stored,-0.01,CH4,32,0.0
stored,-0.01,CH4,33,0.0
stored,-0.01,CH4,34,0.0
stored,-0.01,CH4,35,0.0
stored,-0.01,CH4,36,0.0
stored,-0.01,CH4,37,0.0
stored,-0.01,CH4,38,0.0
stored,-0.01,CH4,39,0.0
stored,-0.01,CH4,40,0.0
stored,-0.01,CH4,41,0.0
stored,-0.01,CH4,42,0.0
stored,-0.01,CH4,43,0.0
stored,-0.01,CH4,44,0.0
stored,-0.01,CH4,45,0.0
stored,-0.01,CH4,46,0.0
stored,-0.01,CH4,47,0.0
stored,-0.01,CH4,48,0.0
stored,-0.01,CH4,49,0.0
stored,-0.01,CH4,50,0.0
stored,-0.01,CH4,51,0.0
stored,-0.01,CH4,52,0.0
stored,-0.01,CH4,53,0.0
stored,-0.01,CH4,54,0.0
stored,-0.01,CH4,55,0.0
stored,-0.01,CH4,56,0.0
stored,-0.01,CH4,57,0.0
stored,-0.01,CH4,58,0.0
stored,-0.01,CH4,59,0.0
stored,-0.01,CH4,60,0.0
stored,-0.01,CH4,61,0.0
stored,-0.01,CH4,62,0.0
stored,-0.01,CH4,63,0.0
stored,-0.01,CH4,64,0.0
stored,-0.01,CH4,65,0.0
stored,-0.01,CH4,66,0.0
stored,-0.01,CH4,67,0.0
stored,-0.01,CH4,68,0.0
stored,-0.01,CH4,69,0.0
stored,-0.01,N2O,1,0.0
stored,-0.01,N2O,2,0.0
stored,-0.01,N2O,3,0.0
stored,-0.01,N2O,4,0.0
stored,-0.01,N2O,5,0.0
stored,-0.01,N2O,6,0.0
stored,-0.01,N2O,7,0.0
stored,-0.01,N2O,8,0.0
stored,-0.01,N2O,9,0.0
stored,-0.01,N2O,10,0.0
stored,-0.01,N2O,11,0.0
stored,-0.01,N2O,12,0.0
stored,-0.01,N2O,13,0.0
stored,-0.01,N2O,14,0.0
stored,-0.01,N2O,15,0.0
stored,-0.01,N2O,16,0.0
stored,-0.01,N2O,17,0.0
stored,-0.01,N2O,18,0.0
stored,-0.01,N2O,19,0.0
stored,-0.01,N2O,20,0.0
stored,-0.01,N2O,21,0.0
stored,-0.01,N2O,22,0.0
stored,-0.01,N2O,23,0.0
stored,-0.01,N2O,24,0.0
stored,-0.01,N2O,25,0.0
stored,-0.01,N2O,26,0.0
stored,-0.01,N2O,27,0.0
stored,-0.01,N2O,28,0.0
stored,-0.01,N2O,29,0.0
stored,-0.01,N2O,30,0.0
stored,-0.01,N2O,31,0.0
stored,-0.01,N2O,32,0.0
stored,-0.01,N2O,33,0.0
stored,-0.01,N2O,34,0.0
stored,-0.01,N2O,35,0.0
stored,-0.01,N2O,36,0.0
stored,-0.01,N2O,37,0.0
stored,-0.01,N2O,38,0.0
stored,-0.01,N2O,39,0.0
stored,-0.01,N2O,40,0.0
stored,-0.01,N2O,41,0.0
stored,-0.01,N2O,42,0.0
stored,-0.01,N2O,43,0.0
stored,-0.01,N2O,44,0.0
stored,-0.01,N2O,45,0.0
stored,-0.01,N2O,46,0.0
stored,-0.01,N2O,47,0.0
stored,-0.01,N2O,48,0.0
stored,-0.01,N2O,49,0.0
stored,-0.01,N2O,50,0.0
stored,-0.01,N2O,51,0.0
stored,-0.01,N2O,52,0.0
stored,-0.01,N2O,53,0.0
stored,-0.01,N2O,54,0.0
stored,-0.01,N2O,55,0.0
stored,-0.01,N2O,56,0.0
stored,-0.01,N2O,57,0.0
stored,-0.01,N2O,58,0.0
stored,-0.01,N2O,59,0.0
stored,-0.01,N2O,60,0.0
stored,-0.01,N2O,61,0.0
stored,-0.01,N2O,62,0.0
stored,-0.01,N2O,63,0.0
stored,-0.01,N2O,64,0.0
stored,-0.01,N2O,65,0.0
stored,-0.01,N2O,66,0.0
stored,-0.01,N2O,67,0.0
stored,-0.01,N2O,68,0.0
stored,-0.01,N2O,69,0.0
stored,0.01,CO2,1,0.0
stored,0.01,CO2,2,-1715.868702970297
stored,0.01,CO2,3,-1698.879903930987
stored,0.01,CO2,4,-1682.0593108227592
stored,0.01,CO2,5,-1665.4052582403558
stored,0.01,CO2,6,-1648.9160972676789
stored,0.01,CO2,7,-1632.5901953145335
stored,0.01,CO2,8,-1616.425935954984
stored,0.01,CO2,9,-1600.4217187673107
stored,0.01,CO2,10,-1584.5759591755552
stored,0.01,CO2,11,-1568.887088292629
stored,0.01,CO2,12,-1553.3535527649792
stored,0.01,CO2,13,-1537.9738146187913
stored,0.01,CO2,14,-1522.746351107714
stored,0.01,CO2,15,-1507.669654562093
stored,0.01,CO2,16,-1492.742232239696
stored,0.01,CO2,17,-1477.9626061779168
stored,0.01,CO2,18,-1463.3293130474426
stored,0.01,CO2,19,-1448.8409040073686
stored,0.01,CO2,20,-1434.4959445617515
stored,0.01,CO2,21,-1420.2930144175755
stored,0.01,CO2,22,-1406.230707344134
stored,0.01,CO2,23,-1392.3076310337963
stored,0.01,CO2,24,-1378.5224069641547
stored,0.01,CO2,25,-1364.8736702615392
stored,0.01,CO2,26,-1351.3600695658804
stored,0.01,CO2,27,-1337.9802668969112
stored,0.01,CO2,28,-1324.7329375216943
stored,0.01,CO2,29,-1311.6167698234597
stored,0.01,CO2,30,-1298.6304651717423
stored,0.01,CO2,31,-1285.7727377938043
stored,0.01,CO2,32,-1273.0423146473308
stored,0.01,CO2,33,-1260.437935294387
stored,0.01,CO2,34,-1247.958351776621
stored,0.01,CO2,35,-1235.602328491704
stored,0.01,CO2,36,-1223.368642070994
stored,0.01,CO2,37,-1211.2560812584095
stored,0.01,CO2,38,-1199.2634467905045
stored,0.01,CO2,39,-1187.3895512777274
stored,0.01,CO2,40,-1175.6332190868588
stored,0.01,CO2,41,-1163.9932862246126
stored,0.01,CO2,42,-1152.4686002223887
stored,0.01,CO2,43,-1141.058020022167
stored,0.01,CO2,44,-1129.7604158635318
stored,0.01,CO2,45,-1118.5746691718134
stored,0.01,CO2,46,-1107.4996724473403
stored,0.01,CO2,47,-1096.5343291557824
stored,0.01,CO2,48,-1085.6775536195864
stored,0.01,CO2,49,-1074.9282709104816
stored,0.01,CO2,50,-1064.2854167430512
stored,0.01,CO2,51,-1053.7479373693575
stored,0.01,CO2,52,0.0
stored,0.01,CO2,53,0.0
stored,0.01,CO2,54,0.0
stored,0.01,CO2,55,0.0
stored,0.01,CO2,56,0.0
stored,0.01,CO2,57,0.0
stored,0.01,CO2,58,0.0
stored,0.01,CO2,59,0.0
stored,0.01,CO2,60,0.0
stored,0.01,CO2,61,0.0
stored,0.01,CO2,62,0.0
stored,0.01,CO2,63,0.0
stored,0.01,CO2,64,0.0
stored,0.01,CO2,65,0.0
stored,0.01,CO2,66,0.0
stored,0.01,CO2,67,0.0
stored,0.01,CO2,68,0.0
stored,0.01,CO2,69,0.0
stored,0.01,CH4,1,0.0
stored,0.01,CH4,2,0.0
stored,0.01,CH4,3,0.0
stored,0.01,CH4,4,0.0
stored,0.01,CH4,5,0.0
stored,0.01,CH4,6,0.0
stored,0.01,CH4,7,0.0
stored,0.01,CH4,8,0.0
stored,0.01,CH4,9,0.0
stored,0.01,CH4,10,0.0
stored,0.01,CH4,11,0.0
stored,0.01,CH4,12,0.0
stored,0.01,CH4,13,0.0
stored,0.01,CH4,14,0.0
stored,0.01,CH4,15,0.0
stored,0.01,CH4,16,0.0
stored,0.01,CH4,17,0.0
stored,0.01,CH4,18,0.0
stored,0.01,CH4,19,0.0
stored,0.01,CH4,20,0.0
stored,0.01,CH4,21,0.0
stored,0.01,CH4,22,0.0
stored,0.01,CH4,23,0.0
stored,0.01,CH4,24,0.0
stored,0.01,CH4,25,0.0
stored,0.01,CH4,26,0.0
stored,0.01,CH4,27,0.0
stored,0.01,CH4,28,0.0
stored,0.01,CH4,29,0.0
stored,0.01,CH4,30,0.0
stored,0.01,CH4,31,0.0
stored,0.01,CH4,32,0.0
stored,0.01,CH4,33,0.0
stored,0.01,CH4,34,0.0
stored,0.01,CH4,35,0.0
stored,0.01,CH4,36,0.0
stored,0.01,CH4,37,0.0
stored,0.01,CH4,38,0.0
stored,0.01,CH4,39,0.0
stored,0.01,CH4,40,0.0
stored,0.01,CH4,41,0.0
stored,0.01,CH4,42,0.0
stored,0.01,CH4,43,0.0
stored,0.01,CH4,44,0.0
stored,0.01,CH4,45,0.0
stored,0.01,CH4,46,0.0
stored,0.01,CH4,47,0.0
stored,0.01,CH4,48,0.0
stored,0.01,CH4,49,0.0
stored,0.01,CH4,50,0.0
stored,0.01,CH4,51,0.0
stored,0.01,CH4,52,0.0
stored,0.01,CH4,53,0.0
stored,0.01,CH4,54,0.0
stored,0.01,CH4,55,0.0
stored,0.01,CH4,56,0.0
stored,0.01,CH4,57,0.0
stored,0.01,CH4,58,0.0
stored,0.01,CH4,59,0.0
stored,0.01,CH4,60,0.0
stored,0.01,CH4,61,0.0
stored,0.01,CH4,62,0.0
stored,0.01,CH4,63,0.0
stored,0.01,CH4,64,0.0
stored,0.01,CH4,65,0.0
stored,0.01,CH4,66,0.0
stored,0.01,CH4,67,0.0
stored,0.01,CH4,68,0.0
stored,0.01,CH4,69,0.0
stored,0.01,N2O,1,0.0
stored,0.01,N2O,2,0.0
stored,0.01,N2O,3,0.0
stored,0.01,N2O,4,0.0
stored,0.01,N2O,5,0.0
stored,0.01,N2O,6,0.0
stored,0.01,N2O,7,0.0
stored,0.01,N2O,8,0.0
stored,0.01,N2O,9,0.0
stored,0.01,N2O,10,0.0
stored,0.01,N2O,11,0.0
stored,0.01,N2O,12,0.0
stored,0.01,N2O,13,0.0
stored,0.01,N2O,14,0.0
stored,0.01,N2O,15,0.0
stored,0.01,N2O,16,0.0
stored,0.01,N2O,17,0.0
stored,0.01,N2O,18,0.0
stored,0.01,N2O,19,0.0
stored,0.01,N2O,20,0.0
stored,0.01,N2O,21,0.0
stored,0.01,N2O,22,0.0
stored,0.01,N2O,23,0.0
stored,0.01,N2O,24,0.0
stored,0.01,N2O,25,0.0
stored,0.01,N2O,26,0.0
stored,0.01,N2O,27,0.0
stored,0.01,N2O,28,0.0
stored,0.01,N2O,29,0.0
stored,0.01,N2O,30,0.0
stored,0.01,N2O,31,0.0
stored,0.01,N2O,32,0.0
stored,0.01,N2O,33,0.0
stored,0.01,N2O,34,0.0
stored,0.01,N2O,35,0.0
stored,0.01,N2O,36,0.0
stored,0.01,N2O,37,0.0
stored,0.01,N2O,38,0.0
stored,0.01,N2O,39,0.0
stored,0.01,N2O,40,0.0
stored,0.01,N2O,41,0.0
stored,0.01,N2O,42,0.0
stored,0.01,N2O,43,0.0
stored,0.01,N2O,44,0.0
stored,0.01,N2O,45,0.0
stored,0.01,N2O,46,0.0
stored,0.01,N2O,47,0.0
stored,0.01,N2O,48,0.0
stored,0.01,N2O,49,0.0
stored,0.01,N2O,50,0.0
stored,0.01,N2O,51,0.0
stored,0.01,N2O,52,0.0
stored,0.01,N2O,53,0.0
stored,0.01,N2O,54,0.0
stored,0.01,N2O,55,0.0
stored,0.01,N2O,56,0.0
stored,0.01,N2O,57,0.0
stored,0.01,N2O,58,0.0
stored,0.01,N2O,59,0.0
stored,0.01,N2O,60,0.0
stored,0.01,N2O,61,0.0
stored,0.01,N2O,62,0.0
stored,0.01,N2O,63,0.0
stored,0.01,N2O,64,0.0
stored,0.01,N2O,65,0.0
stored,0.01,N2O,66,0.0
stored,0.01,N2O,67,0.0
stored,0.01,N2O,68,0.0
stored,0.01,N2O,69,0.0
stored,0.03,CO2,1,0.0
stored,0.03,CO2,2,-1682.55086407767
stored,0.03,CO2,3,-1633.5445282307473
stored,0.03,CO2,4,-1585.9655613890752
stored,0.03,CO2,5,-1539.772389698131
stored,0.03,CO2,6,-1494.9246501923603
stored,0.03,CO2,7,-1451.3831555265633
stored,0.03,CO2,8,-1409.1098597345274
stored,0.03,CO2,9,-1368.067824984978
stored,0.03,CO2,10,-1328.221189305804
stored,0.03,CO2,11,-1289.5351352483533
stored,0.03,CO2,12,-1251.9758594644206
stored,0.03,CO2,13,-1215.5105431693405
stored,0.03,CO2,14,-1180.1073234653788
stored,0.03,CO2,15,-1145.7352655003679
stored,0.03,CO2,16,-1112.3643354372505
stored,0.03,CO2,17,-1079.9653742109226
stored,0.03,CO2,18,-1048.5100720494395
stored,0.03,CO2,19,-1017.9709437373198
stored,0.03,CO2,20,-988.3213045993396
stored,0.03,CO2,21,-959.5352471838248
stored,0.03,CO2,22,-931.5876186250728
stored,0.03,CO2,23,-904.4539986651191
stored,0.03,CO2,24,-878.1106783156496
stored,0.03,CO2,25,-852.5346391414073
stored,0.03,CO2,26,-827.7035331469974
stored,0.03,CO2,27,-803.595663249512
stored,0.03,CO2,28,-780.1899643199145
stored,0.03,CO2,29,-757.465984776616
stored,0.03,CO2,30,-735.4038687151611
stored,0.03,CO2,31,-713.9843385584088
stored,0.03,CO2,32,-693.1886782120475
stored,0.03,CO2,33,-672.9987167107257
stored,0.03,CO2,34,-653.3968123405103
stored,0.03,CO2,35,-634.3658372237965
stored,0.03,CO2,36,-615.8891623532004
stored,0.03,CO2,37,-597.9506430613595
stored,0.03,CO2,38,-580.5346049139414
stored,0.03,CO2,39,-563.6258300135352
stored,0.03,CO2,40,-547.2095437024614
stored,0.03,CO2,41,-531.271401652875
stored,0.03,CO2,42,-515.7974773328884
stored,0.03,CO2,43,-500.77424983775575
stored,0.03,CO2,44,-486.188592075491
stored,0.03,CO2,45,-472.02775929659316
stored,0.03,CO2,46,-458.2793779578575
stored,0.03,CO2,47,-444.9314349105412
stored,0.03,CO2,48,-431.97226690343814
stored,0.03,CO2,49,-419.39055039168744
stored,0.03,CO2,50,-407.175291642415
stored,0.03,CO2,51,-395.3158171285582
stored,0.03,CO2,52,0.0
stored,0.03,CO2,53,0.0
stored,0.03,CO2,54,0.0
stored,0.03,CO2,55,0.0
stored,0.03,CO2,56,0.0
stored,0.03,CO2,57,0.0
stored,0.03,CO2,58,0.0
stored,0.03,CO2,59,0.0
stored,0.03,CO2,60,0.0
stored,0.03,CO2,61,0.0
stored,0.03,CO2,62,0.0
stored,0.03,CO2,63,0.0
stored,0.03,CO2,64,0.0
stored,0.03,CO2,65,0.0
stored,0.03,CO2,66,0.0
stored,0.03,CO2,67,0.0
stored,0.03,CO2,68,0.0
stored,0.03,CO2,69,0.0
stored,0.03,CH4,1,0.0
stored,0.03,CH4,2,0.0
stored,0.03,CH4,3,0.0
stored,0.03,CH4,4,0.0
stored,0.03,CH4,5,0.0
stored,0.03,CH4,6,0.0
stored,0.03,CH4,7,0.0
stored,0.03,CH4,8,0.0
stored,0.03,CH4,9,0.0
stored,0.03,CH4,10,0.0
stored,0.03,CH4,11,0.0
stored,0.03,CH4,12,0.0
stored,0.03,CH4,13,0.0
stored,0.03,CH4,14,0.0
stored,0.03,CH4,15,0.0
stored,0.03,CH4,16,0.0
stored,0.03,CH4,17,0.0
stored,0.03,CH4,18,0.0
stored,0.03,CH4,19,0.0
stored,0.03,CH4,20,0.0
stored,0.03,CH4,21,0.0
stored,0.03,CH4,22,0.0
stored,0.03,CH4,23,0.0
stored,0.03,CH4,24,0.0
stored,0.03,CH4,25,0.0
stored,0.03,CH4,26,0.0
stored,0.03,CH4,27,0.0
stored,0.03,CH4,28,0.0
stored,0.03,CH4,29,0.0
stored,0.03,CH4,30,0.0
stored,0.03,CH4,31,0.0
stored,0.03,CH4,32,0.0
stored,0.03,CH4,33,0.0
stored,0.03,CH4,34,0.0
stored,0.03,CH4,35,0.0
stored,0.03,CH4,36,0.0
stored,0.03,CH4,37,0.0
stored,0.03,CH4,38,0.0
stored,0.03,CH4,39,0.0
stored,0.03,CH4,40,0.0
stored,0.03,CH4,41,0.0
stored,0.03,CH4,42,0.0
stored,0.03,CH4,43,0.0
stored,0.03,CH4,44,0.0
stored,0.03,CH4,45,0.0
stored,0.03,CH4,46,0.0
stored,0.03,CH4,47,0.0
stored,0.03,CH4,48,0.0
stored,0.03,CH4,49,0.0
stored,0.03,CH4,50,0.0
stored,0.03,CH4,51,0.0
stored,0.03,CH4,52,0.0
stored,0.03,CH4,53,0.0
stored,0.03,CH4,54,0.0
stored,0.03,CH4,55,0.0
stored,0.03,CH4,56,0.0
stored,0.03,CH4,57,0.0
stored,0.03,CH4,58,0.0
stored,0.03,CH4,59,0.0
stored,0.03,CH4,60,0.0
stored,0.03,CH4,61,0.0
stored,0.03,CH4,62,0.0
stored,0.03,CH4,63,0.0
stored,0.03,CH4,64,0.0
stored,0.03,CH4,65,0.0
stored,0.03,CH4,66,0.0
stored,0.03,CH4,67,0.0
stored,0.03,CH4,68,0.0
stored,0.03,CH4,69,0.0
stored,0.03,N2O,1,0.0
stored,0.03,N2O,2,0.0
stored,0.03,N2O,3,0.0
stored,0.03,N2O,4,0.0
stored,0.03,N2O,5,0.0
stored,0.03,N2O,6,0.0
stored,0.03,N2O,7,0.0
stored,0.03,N2O,8,0.0
stored,0.03,N2O,9,0.0
stored,0.03,N2O,10,0.0
stored,0.03,N2O,11,0.0
stored,0.03,N2O,12,0.0
stored,0.03,N2O,13,0.0
stored,0.03,N2O,14,0.0
stored,0.03,N2O,15,0.0
stored,0.03,N2O,16,0.0
stored,0.03,N2O,17,0.0
stored,0.03,N2O,18,0.0
stored,0.03,N2O,19,0.0
stored,0.03,N2O,20,0.0
stored,0.03,N2O,21,0.0
stored,0.03,N2O,22,0.0
stored,0.03,N2O,23,0.0
stored,0.03,N2O,24,0.0
stored,0.03,N2O,25,0.0
stored,0.03,N2O,26,0.0
stored,0.03,N2O,27,0.0
stored,0.03,N2O,28,0.0
stored,0.03,N2O,29,0.0
stored,0.03,N2O,30,0.0
stored,0.03,N2O,31,0.0
stored,0.03,N2O,32,0.0
stored,0.03,N2O,33,0.0
stored,0.03,N2O,34,0.0
stored,0.03,N2O,35,0.0
stored,0.03,N2O,36,0.0
stored,0.03,N2O,37,0.0
stored,0.03,N2O,38,0.0
stored,0.03,N2O,39,0.0
stored,0.03,N2O,40,0.0
stored,0.03,N2O,41,0.0
stored,0.03,N2O,42,0.0
stored,0.03,N2O,43,0.0
stored,0.03,N2O,44,0.0
stored,0.03,N2O,45,0.0
stored,0.03,N2O,46,0.0
stored,0.03,N2O,47,0.0
stored,0.03,N2O,48,0.0
stored,0.03,N2O,49,0.0
stored,0.03,N2O,50,0.0
stored,0.03,N2O,51,0.0
stored,0.03,N2O,52,0.0
stored,0.03,N2O,53,0.0
stored,0.03,N2O,54,0.0
stored,0.03,N2O,55,0.0
stored,0.03,N2O,56,0.0
stored,0.03,N2O,57,0.0
stored,0.03,N2O,58,0.0
stored,0.03,N2O,59,0.0
stored,0.03,N2O,60,0.0
stored,0.03,N2O,61,0.0
stored,0.03,N2O,62,0.0
stored,0.03,N2O,63,0.0
stored,0.03,N2O,64,0.0
stored,0.03,N2O,65,0.0
stored,0.03,N2O,66,0.0
stored,0.03,N2O,67,0.0
stored,0.03,N2O,68,0.0
stored,0.03,N2O,69,0.0
stored,0.09,CO2,1,0.0
stored,0.09,CO2,2,-1589.9333853211008
stored,0.09,CO2,3,-1458.6544819459639
stored,0.09,CO2,4,-1338.215121051343
stored,0.09,CO2,5,-1227.7202945425163
stored,0.09,CO2,6,-1126.348894075703
stored,0.09,CO2,7,-1033.3476092437643
stored,0.09,CO2,8,-948.0253295814349
stored,0.09,CO2,9,-869.7480087903072
stored,0.09,CO2,10,-797.9339530186304
stored,0.09,CO2,11,-732.0494981822296
stored,0.09,CO2,12,-671.6050442038804
stored,0.09,CO2,13,-616.1514167008077
stored,0.09,CO2,14,-565.2765290833098
stored,0.09,CO2,15,-518.6023202599172
stored,0.09,CO2,16,-475.78194519258443
stored,0.09,CO2,17,-436.49719742438936
stored,0.09,CO2,18,-400.45614442604534
stored,0.09,CO2,19,-367.39095818903235
stored,0.09,CO2,20,-337.05592494406636
stored,0.09,CO2,21,-309.22561921473977
stored,0.09,CO2,22,-283.6932286373759
stored,0.09,CO2,23,-260.26901709851
stored,0.09,CO2,24,-238.77891476927522
stored,0.09,CO2,25,-219.06322455896805
stored,0.09,CO2,26,-200.97543537520005
stored,0.09,CO2,27,-184.38113337174315
stored,0.09,CO2,28,-169.15700309334233
stored,0.09,CO2,29,-155.18991109480945
stored,0.09,CO2,30,-142.37606522459583
stored,0.09,CO2,31,-130.62024332531726
stored,0.09,CO2,32,-119.8350856195571
stored,0.09,CO2,33,-109.94044552252946
stored,0.09,CO2,34,-100.86279405736647
stored,0.09,CO2,35,-92.53467344712519
stored,0.09,CO2,36,-84.89419582305061
stored,0.09,CO2,37,-77.88458332389965
stored,0.09,CO2,38,-71.45374616871527
stored,0.09,CO2,39,-65.55389556762867
stored,0.09,CO2,40,-60.14118859415475
stored,0.09,CO2,41,-55.17540237995849
stored,0.09,CO2,42,-50.61963521097108
stored,0.09,CO2,43,-46.44003230364319
stored,0.09,CO2,44,-42.60553422352586
stored,0.09,CO2,45,-39.08764607662923
stored,0.09,CO2,46,-35.86022575837543
stored,0.09,CO2,47,-32.89928968658296
stored,0.09,CO2,48,-30.18283457484675
stored,0.09,CO2,49,-27.690673921877757
stored,0.09,CO2,50,-25.40428800172271
stored,0.09,CO2,51,-23.306686240112573
stored,0.09,CO2,52,0.0
stored,0.09,CO2,53,0.0
stored,0.09,CO2,54,0.0
stored,0.09,CO2,55,0.0
stored,0.09,CO2,56,0.0
stored,0.09,CO2,57,0.0
stored,0.09,CO2,58,0.0
stored,0.09,CO2,59,0.0
stored,0.09,CO2,60,0.0
stored,0.09,CO2,61,0.0
stored,0.09,CO2,62,0.0
stored,0.09,CO2,63,0.0
stored,0.09,CO2,64,0.0
stored,0.09,CO2,65,0.0
stored,0.09,CO2,66,0.0
stored,0.09,CO2,67,0.0
stored,0.09,CO2,68,0.0
stored,0.09,CO2,69,0.0
stored,0.09,CH4,1,0.0
stored,0.09,CH4,2,0.0
stored,0.09,CH4,3,0.0
stored,0.09,CH4,4,0.0
stored,0.09,CH4,5,0.0
stored,0.09,CH4,6,0.0
stored,0.09,CH4,7,0.0
stored,0.09,CH4,8,0.0
stored,0.09,CH4,9,0.0
stored,0.09,CH4,10,0.0
stored,0.09,CH4,11,0.0
stored,0.09,CH4,12,0.0
stored,0.09,CH4,13,0.0
stored,0.09,CH4,14,0.0
stored,0.09,CH4,15,0.0
stored,0.09,CH4,16,0.0
stored,0.09,CH4,17,0.0
stored,0.09,CH4,18,0.0
stored,0.09,CH4,19,0.0
stored,0.09,CH4,20,0.0
stored,0.09,CH4,21,0.0
stored,0.09,CH4,22,0.0
stored,0.09,CH4,23,0.0
stored,0.09,CH4,24,0.0
stored,0.09,CH4,25,0.0
stored,0.09,CH4,26,0.0
stored,0.09,CH4,27,0.0
stored,0.09,CH4,28,0.0
stored,0.09,CH4,29,0.0
stored,0.09,CH4,30,0.0
stored,0.09,CH4,31,0.0
stored,0.09,CH4,32,0.0
stored,0.09,CH4,33,0.0
stored,0.09,CH4,34,0.0
stored,0.09,CH4,35,0.0
stored,0.09,CH4,36,0.0
stored,0.09,CH4,37,0.0
stored,0.09,CH4,38,0.0
stored,0.09,CH4,39,0.0
stored,0.09,CH4,40,0.0
stored,0.09,CH4,41,0.0
stored,0.09,CH4,42,0.0
stored,0.09,CH4,43,0.0
stored,0.09,CH4,44,0.0
stored,0.09,CH4,45,0.0
stored,0.09,CH4,46,0.0
stored,0.09,CH4,47,0.0
stored,0.09,CH4,48,0.0
stored,0.09,CH4,49,0.0
stored,0.09,CH4,50,0.0
stored,0.09,CH4,51,0.0
stored,0.09,CH4,52,0.0
stored,0.09,CH4,53,0.0
stored,0.09,CH4,54,0.0
stored,0.09,CH4,55,0.0
stored,0.09,CH4,56,0.0
stored,0.09,CH4,57,0.0
stored,0.09,CH4,58,0.0
stored,0.09,CH4,59,0.0
stored,0.09,CH4,60,0.0
stored,0.09,CH4,61,0.0
stored,0.09,CH4,62,0.0
stored,0.09,CH4,63,0.0
stored,0.09,CH4,64,0.0
stored,0.09,CH4,65,0.0
stored,0.09,CH4,66,0.0
stored,0.09,CH4,67,0.0
stored,0.09,CH4,68,0.0
stored,0.09,CH4,69,0.0
stored,0.09,N2O,1,0.0
stored,0.09,N2O,2,0.0
stored,0.09,N2O,3,0.0
stored,0.09,N2O,4,0.0
stored,0.09,N2O,5,0.0
stored,0.09,N2O,6,0.0
stored,0.09,N2O,7,0.0
stored,0.09,N2O,8,0.0
stored,0.09,N2O,9,0.0
stored,0.09,N2O,10,0.0
stored,0.09,N2O,11,0.0
stored,0.09,N2O,12,0.0
stored,0.09,N2O,13,0.0
stored,0.09,N2O,14,0.0
stored,0.09,N2O,15,0.0
stored,0.09,N2O,16,0.0
stored,0.09,N2O,17,0.0
stored,0.09,N2O,18,0.0
stored,0.09,N2O,19,0.0
stored,0.09,N2O,20,0.0
stored,0.09,N2O,21,0.0
stored,0.09,N2O,22,0.0
stored,0.09,N2O,23,0.0
stored,0.09,N2O,24,0.0
stored,0.09,N2O,25,0.0
stored,0.09,N2O,26,0.0
stored,0.09,N2O,27,0.0
stored,0.09,N2O,28,0.0
stored,0.09,N2O,29,0.0
stored,0.09,N2O,30,0.0
stored,0.09,N2O,31,0.0
stored,0.09,N2O,32,0.0
stored,0.09,N2O,33,0.0
stored,0.09,N2O,34,0.0
stored,0.09,N2O,35,0.0
stored,0.09,N2O,36,0.0
stored,0.09,N2O,37,0.0
stored,0.09,N2O,38,0.0
stored,0.09,N2O,39,0.0
stored,0.09,N2O,40,0.0
stored,0.09,N2O,41,0.0
stored,0.09,N2O,42,0.0
stored,0.09,N2O,43,0.0
stored,0.09,N2O,44,0.0
stored,0.09,N2O,45,0.0
stored,0.09,N2O,46,0.0
stored,0.09,N2O,47,0.0
stored,0.09,N2O,48,0.0
stored,0.09,N2O,49,0.0
stored,0.09,N2O,50,0.0
stored,0.09,N2O,51,0.0
stored,0.09,N2O,52,0.0
stored,0.09,N2O,53,0.0
stored,0.09,N2O,54,0.0
stored,0.09,N2O,55,0.0
stored,0.09,N2O,56,0.0
stored,0.09,N2O,57,0.0
stored,0.09,N2O,58,0.0
stored,0.09,N2O,59,0.0
stored,0.09,N2O,60,0.0
stored,0.09,N2O,61,0.0
stored,0.09,N2O,62,0.0
stored,0.09,N2O,63,0.0
stored,0.09,N2O,64,0.0
stored,0.09,N2O,65,0.0
stored,0.09,N2O,66,0.0
stored,0.09,N2O,67,0.0
stored,0.09,N2O,68,0.0
stored,0.09,N2O,69,0.0
net,0.0,CO2,1,85.18884
net,0.0,CO2,2,-1643.67989
net,0.0,CO2,3,-1643.67989
net,0.0,CO2,4,-1643.67989
net,0.0,CO2,5,-1643.67989
net,0.0,CO2,6,-1643.67989
net,0.0,CO2,7,-1643.67989
net,0.0,CO2,8,-1643.67989
net,0.0,CO2,9,-1643.53133
net,0.0,CO2,10,-1643.67989
net,0.0,CO2,11,-1643.67989
net,0.0,CO2,12,-1643.67989
net,0.0,CO2,13,-1643.67989
net,0.0,CO2,14,-1643.67989
net,0.0,CO2,15,-1643.67989
net,0.0,CO2,16,-1643.67989
net,0.0,CO2,17,-1635.08598
net,0.0,CO2,18,-1643.67989
net,0.0,CO2,19,-1643.67989
net,0.0,CO2,20,-1475.64143
net,0.0,CO2,21,-1475.64143
net,0.0,CO2,22,-1475.64143
net,0.0,CO2,23,-1475.64143
net,0.0,CO2,24,-1475.64143
net,0.0,CO2,25,-1475.49287
net,0.0,CO2,26,-1475.64143
net,0.0,CO2,27,-1454.85468
net,0.0,CO2,28,-1475.64143
net,0.0,CO2,29,-1475.64143
net,0.0,CO2,30,-1475.64143
net,0.0,CO2,31,-1475.64143
net,0.0,CO2,32,-1475.64143
net,0.0,CO2,33,-1475.49287
net,0.0,CO2,34,-1467.19609
net,0.0,CO2,35,-1475.64143
net,0.0,CO2,36,-1475.64143
net,0.0,CO2,37,-1475.64143
net,0.0,CO2,38,-1475.64143
net,0.0,CO2,39,-1475.64143
net,0.0,CO2,40,-1475.64143
net,0.0,CO2,41,-1475.49287
net,0.0,CO2,42,-1475.49287
net,0.0,CO2,43,-1475.64143
net,0.0,CO2,44,-1475.64143
net,0.0,CO2,45,-1475.64143
net,0.0,CO2,46,-1475.64143
net,0.0,CO2,47,-1475.64143
net,0.0,CO2,48,-1475.64143
net,0.0,CO2,49,-1475.64143
net,0.0,CO2,50,-1475.64143
net,0.0,CO2,51,-1475.64143
net,0.0,CO2,52,179.55078
net,0.0,CO2,53,168.03846
net,0.0,CO2,54,168.03846
net,0.0,CO2,55,168.03846
net,0.0,CO2,56,168.03846
net,0.0,CO2,57,168.03846
net,0.0,CO2,58,168.03846
net,0.0,CO2,59,168.03846
net,0.0,CO2,60,168.03846
net,0.0,CO2,61,168.03846
net,0.0,CO2,62,168.03846
net,0.0,CO2,63,168.03846
net,0.0,CO2,64,168.03846
net,0.0,CO2,65,168.03846
net,0.0,CO2,66,168.03846
net,0.0,CO2,67,168.03846
net,0.0,CO2,68,168.03846
net,0.0,CO2,69,168.03846
net,0.0,CH4,1,0.17143
net,0.0,CH4,2,0.0158
net,0.0,CH4,3,0.0158
net,0.0,CH4,4,0.0158
net,0.0,CH4,5,0.0158
net,0.0,CH4,6,0.0158
net,0.0,CH4,7,0.0158
net,0.0,CH4,8,0.0158
net,0.0,CH4,9,0.01629
net,0.0,CH4,10,0.0158
net,0.0,CH4,11,0.0158
net,0.0,CH4,12,0.0158
net,0.0,CH4,13,0.0158
net,0.0,CH4,14,0.0158
net,0.0,CH4,15,0.0158
net,0.0,CH4,16,0.0158
net,0.0,CH4,17,0.04425
net,0.0,CH4,18,0.0158
net,0.0,CH4,19,0.0158
net,0.0,CH4,20,0.05752
net,0.0,CH4,21,0.05752
net,0.0,CH4,22,0.05752
net,0.0,CH4,23,0.05752
net,0.0,CH4,24,0.05752
net,0.0,CH4,25,0.05801
net,0.0,CH4,26,0.05752
net,0.0,CH4,27,0.12633
net,0.0,CH4,28,0.05752
net,0.0,CH4,29,0.05752
net,0.0,CH4,30,0.05752
net,0.0,CH4,31,0.05752
net,0.0,CH4,32,0.05752
net,0.0,CH4,33,0.05801
net,0.0,CH4,34,0.08548
net,0.0,CH4,35,0.05752
net,0.0,CH4,36,0.05752
net,0.0,CH4,37,0.05752
net,0.0,CH4,38,0.05752
net,0.0,CH4,39,0.05752
net,0.0,CH4,40,0.05752
net,0.0,CH4,41,0.05801
net,0.0,CH4,42,0.05752
net,0.0,CH4,43,0.05752
net,0.0,CH4,44,0.05752
net,0.0,CH4,45,0.05752
net,0.0,CH4,46,0.05752
net,0.0,CH4,47,0.05752
net,0.0,CH4,48,0.05752
net,0.0,CH4,49,0.05752
net,0.0,CH4,50,0.05752
net,0.0,CH4,51,0.05752
net,0.0,CH4,52,0.04469
net,0.0,CH4,53,0.04172
net,0.0,CH4,54,0.04172
net,0.0,CH4,55,0.04172
net,0.0,CH4,56,0.04172
net,0.0,CH4,57,0.04172
net,0.0,CH4,58,0.04172
net,0.0,CH4,59,0.04172
net,0.0,CH4,60,0.04172
net,0.0,CH4,61,0.04172
net,0.0,CH4,62,0.04172
net,0.0,CH4,63,0.04172
net,0.0,CH4,64,0.04172
net,0.0,CH4,65,0.04172
net,0.0,CH4,66,0.04172
net,0.0,CH4,67,0.04172
net,0.0,CH4,68,0.04172
net,0.0,CH4,69,0.04172
net,0.0,N2O,1,0.0003
net,0.0,N2O,2,0.00254
net,0.0,N2O,3,0.00254
net,0.0,N2O,4,0.00254
net,0.0,N2O,5,0.00254
net,0.0,N2O,6,0.00254
net,0.0,N2O,7,0.00254
net,0.0,N2O,8,0.00254
net,0.0,N2O,9,0.00254
net,0.0,N2O,10,0.00254
net,0.0,N2O,11,0.00254
net,0.0,N2O,12,0.00254
net,0.0,N2O,13,0.00254
net,0.0,N2O,14,0.00254
net,0.0,N2O,15,0.00254
net,0.0,N2O,16,0.00254
net,0.0,N2O,17,0.00255
net,0.0,N2O,18,0.00254
net,0.0,N2O,19,0.00254
net,0.0,N2O,20,0.00924
net,0.0,N2O,21,0.00924
net,0.0,N2O,22,0.00924
net,0.0,N2O,23,0.00924
net,0.0,N2O,24,0.00924
net,0.0,N2O,25,0.00924
net,0.0,N2O,26,0.00924
net,0.0,N2O,27,0.00927
net,0.0,N2O,28,0.00924
net,0.0,N2O,29,0.00924
net,0.0,N2O,30,0.00924
net,0.0,N2O,31,0.00924
net,0.0,N2O,32,0.00924
net,0.0,N2O,33,0.00924
net,0.0,N2O,34,0.00925
net,0.0,N2O,35,0.00924
net,0.0,N2O,36,0.00924
net,0.0,N2O,37,0.00924
net,0.0,N2O,38,0.00924
net,0.0,N2O,39,0.00924
net,0.0,N2O,40,0.00924
net,0.0,N2O,41,0.00924
net,0.0,N2O,42,0.00924
net,0.0,N2O,43,0.00924
net,0.0,N2O,44,0.00924
net,0.0,N2O,45,0.00924
net,0.0,N2O,46,0.00924
net,0.0,N2O,47,0.00924
net,0.0,N2O,48,0.00924
net,0.0,N2O,49,0.00924
net,0.0,N2O,50,0.00924
net,0.0,N2O,51,0.00924
net,0.0,N2O,52,0.00718
net,0.0,N2O,53,0.00671
net,0.0,N2O,54,0.00671
net,0.0,N2O,55,0.00671
net,0.0,N2O,56,0.00671
net,0.0,N2O,57,0.00671
net,0.0,N2O,58,0.00671
net,0.0,N2O,59,0.00671
net,0.0,N2O,60,0.00671
net,0.0,N2O,61,0.00671
net,0.0,N2O,62,0.00671
net,0.0,N2O,63,0.00671
net,0.0,N2O,64,0.00671
net,0.0,N2O,65,0.00671
net,0.0,N2O,66,0.00671
net,0.0,N2O,67,0.00671
net,0.0,N2O,68,0.00671
net,0.0,N2O,69,0.00671
net,-0.03,CO2,1,85.18884
net,-0.03,CO2,2,-1694.515350515464
net,-0.03,CO2,3,-1746.9230417685196
net,-0.03,CO2,4,-1800.951589452082
net,-0.03,CO2,5,-1856.651123146476
net,-0.03,CO2,6,-1914.073322831419
net,-0.03,CO2,7,-1973.2714668365147
net,-0.03,CO2,8,-2034.3004812747574
net,-0.03,CO2,9,-2097.027439159634
net,-0.03,CO2,10,-2162.0793721700043
net,-0.03,CO2,11,-2228.9478063608294
net,-0.03,CO2,12,-2297.8843364544637
net,-0.03,CO2,13,-2368.9529241798596
net,-0.03,CO2,14,-2442.2195094637727
net,-0.03,CO2,15,-2517.7520716121367
net,-0.03,CO2,16,-2595.620692383646
net,-0.03,CO2,17,-2661.9068047583505
net,-0.03,CO2,18,-2758.657341251617
net,-0.03,CO2,19,-2843.9766404655843
net,-0.03,CO2,20,-2632.1939639832112
net,-0.03,CO2,21,-2713.6020247249603
net,-0.03,CO2,22,-2797.527860541196
net,-0.03,CO2,23,-2884.0493407641197
net,-0.03,CO2,24,-2973.246743055794
net,-0.03,CO2,25,-3064.894239015319
net,-0.03,CO2,26,-3160.002915353166
net,-0.03,CO2,27,-3211.8446003408426
net,-0.03,CO2,28,-3358.489653898572
net,-0.03,CO2,29,-3462.360467936672
net,-0.03,CO2,30,-3569.4437813780128
net,-0.03,CO2,31,-3679.8389498742395
net,-0.03,CO2,32,-3793.6484019322056
net,-0.03,CO2,33,-3910.5839967999923
net,-0.03,CO2,34,-4008.860372615779
net,-0.03,CO2,35,-4156.634853810956
net,-0.03,CO2,36,-4285.190570939129
net,-0.03,CO2,37,-4417.722238081577
net,-0.03,CO2,38,-4554.352822764513
net,-0.03,CO2,39,-4695.209095633518
net,-0.03,CO2,40,-4840.4217480757925
net,-0.03,CO2,41,-4989.623133273726
net,-0.03,CO2,42,-5143.941374508996
net,-0.03,CO2,43,-5303.566280667657
net,-0.03,CO2,44,-5467.594103781091
net,-0.03,CO2,45,-5636.694952351639
net,-0.03,CO2,46,-5811.025724073855
net,-0.03,CO2,47,-5990.748169148304
net,-0.03,CO2,48,-6176.029040359077
net,-0.03,CO2,49,-6367.040247792862
net,-0.03,CO2,50,-6563.959018343158
net,-0.03,CO2,51,-6766.968060147586
net,-0.03,CO2,52,848.8458867544709
net,-0.03,CO2,53,818.9898339195489
net,-0.03,CO2,54,844.319416411906
net,-0.03,CO2,55,870.4323880535114
net,-0.03,CO2,56,897.3529773747541
net,-0.03,CO2,57,925.1061622420144
net,-0.03,CO2,58,953.7176930330048
net,-0.03,CO2,59,983.2141165288709
net,-0.03,CO2,60,1013.6228005452278
net,-0.03,CO2,61,1044.971959324977
net,-0.03,CO2,62,1077.2906797164712
net,-0.03,CO2,63,1110.6089481613105
net,-0.03,CO2,64,1144.957678516815
net,-0.03,CO2,65,1180.3687407389846
net,-0.03,CO2,66,1216.8749904525616
net,-0.03,CO2,67,1254.5102994356305
net,-0.03,CO2,68,1293.3095870470418
net,-0.03,CO2,69,1333.3088526258161
net,-0.03,CH4,1,0.17143
net,-0.03,CH4,2,0.016288659793814435
net,-0.03,CH4,3,0.016792432777128285
net,-0.03,CH4,4,0.01731178636817349
net,-0.03,CH4,5,0.017847202441415966
net,-0.03,CH4,6,0.01839917777465564
net,-0.03,CH4,7,0.01896822450995427
net,-0.03,CH4,8,0.019554870628818836
net,-0.03,CH4,9,0.020784865101361003
net,-0.03,CH4,10,0.020783155094929142
net,-0.03,CH4,11,0.021425933087555818
net,-0.03,CH4,12,0.02208859081191322
net,-0.03,CH4,13,0.022771743105065176
net,-0.03,CH4,14,0.023476023819654822
net,-0.03,CH4,15,0.02420208641201528
net,-0.03,CH4,16,0.02495060454846936
net,-0.03,CH4,17,0.0720386435645158
net,-0.03,CH4,18,0.02651780693853689
net,-0.03,CH4,19,0.02733794529746071
net,-0.03,CH4,20,0.10260202358801644
net,-0.03,CH4,21,0.1057752820495015
net,-0.03,CH4,22,0.10904668252525927
net,-0.03,CH4,23,0.11241926033531884
net,-0.03,CH4,24,0.11589614467558647
net,-0.03,CH4,25,0.12049838967048253
net,-0.03,CH4,26,0.12317583661981768
net,-0.03,CH4,27,0.2788954346705326
net,-0.03,CH4,28,0.13091278203828005
net,-0.03,CH4,29,0.13496163096729902
net,-0.03,CH4,30,0.13913570202814332
net,-0.03,CH4,31,0.14343886807025083
net,-0.03,CH4,32,0.1478751217219081
net,-0.03,CH4,33,0.15374725440345066
net,-0.03,CH4,34,0.2335593633235465
net,-0.03,CH4,35,0.1620242098998306
net,-0.03,CH4,36,0.1670352679379697
net,-0.03,CH4,37,0.17220130715254608
net,-0.03,CH4,38,0.17752712077582072
net,-0.03,CH4,39,0.18301765028435124
net,-0.03,CH4,40,0.1886779899838673
net,-0.03,CH4,41,0.19617040776429429
net,-0.03,CH4,42,0.2005292698308718
net,-0.03,CH4,43,0.20673120601120806
net,-0.03,CH4,44,0.21312495465073
net,-0.03,CH4,45,0.21971644809353605
net,-0.03,CH4,46,0.2265118021582846
net,-0.03,CH4,47,0.23351732181266455
net,-0.03,CH4,48,0.24073950702336552
net,-0.03,CH4,49,0.24818505878697475
net,-0.03,CH4,50,0.2558608853473967
net,-0.03,CH4,51,0.2637741086055636
net,-0.03,CH4,52,0.2112768470237629
net,-0.03,CH4,53,0.2033359260202907
net,-0.03,CH4,54,0.20962466600029972
net,-0.03,CH4,55,0.21610790309309252
net,-0.03,CH4,56,0.22279165267329126
net,-0.03,CH4,57,0.2296821161580322
net,-0.03,CH4,58,0.23678568676085798
net,-0.03,CH4,59,0.24410895542356495
net,-0.03,CH4,60,0.25165871693151026
net,-0.03,CH4,61,0.25944197621805176
net,-0.03,CH4,62,0.2674659548639709
net,-0.03,CH4,63,0.2757380977979082
net,-0.03,CH4,64,0.28426608020402905
net,-0.03,CH4,65,0.2930578146433289
net,-0.03,CH4,66,0.3021214583951845
net,-0.03,CH4,67,0.3114654210259634
net,-0.03,CH4,68,0.32109837219171483
net,-0.03,CH4,69,0.3310292496821802
net,-0.03,N2O,1,0.0003
net,-0.03,N2O,2,0.0026185567010309284
net,-0.03,N2O,3,0.0026995429907535344
net,-0.03,N2O,4,0.002783034011086118
net,-0.03,N2O,5,0.0028691072279238327
net,-0.03,N2O,6,0.002957842503014261
net,-0.03,N2O,7,0.003049322168055939
net,-0.03,N2O,8,0.003143631101088597
net,-0.03,N2O,9,0.0032408568052459765
net,-0.03,N2O,10,0.0033410894899443054
net,-0.03,N2O,11,0.0034444221545817584
net,-0.03,N2O,12,0.003550950674826555
net,-0.03,N2O,13,0.0036607738915737684
net,-0.03,N2O,14,0.0037739937026533697
net,-0.03,N2O,15,0.003890715157374608
net,-0.03,N2O,16,0.004011046553994441
net,-0.03,N2O,17,0.004151379459650063
net,-0.03,N2O,18,0.0042629892167015
net,-0.03,N2O,19,0.004394834244022165
net,-0.03,N2O,20,0.01648196623701794
net,-0.03,N2O,21,0.016991717770121588
net,-0.03,N2O,22,0.01751723481455834
net,-0.03,N2O,23,0.018059004963462206
net,-0.03,N2O,24,0.01861753089016723
net,-0.03,N2O,25,0.019193330814605388
net,-0.03,N2O,26,0.019786938984129265
net,-0.03,N2O,27,0.02046513638404051
net,-0.03,N2O,28,0.02102980017443859
net,-0.03,N2O,29,0.021680206365400606
net,-0.03,N2O,30,0.022350728211753202
net,-0.03,N2O,31,0.02304198784716825
net,-0.03,N2O,32,0.023754626646565205
net,-0.03,N2O,33,0.024489305821201242
net,-0.03,N2O,34,0.025274030308175068
net,-0.03,N2O,35,0.02602753302285179
net,-0.03,N2O,36,0.026832508270981225
net,-0.03,N2O,37,0.027662379660805387
net,-0.03,N2O,38,0.02851791717608803
net,-0.03,N2O,39,0.02939991461452374
net,-0.03,N2O,40,0.030309190324251282
net,-0.03,N2O,41,0.03124658796314565
net,-0.03,N2O,42,0.032212977281593454
net,-0.03,N2O,43,0.03320925492947779
net,-0.03,N2O,44,0.03423634528812144
net,-0.03,N2O,45,0.03529520132796024
net,-0.03,N2O,46,0.036386805492742515
net,-0.03,N2O,47,0.037512170611074765
net,-0.03,N2O,48,0.03867234083615955
net,-0.03,N2O,49,0.03986839261459747
net,-0.03,N2O,50,0.04110143568515204
net,-0.03,N2O,51,0.042372614108404164
net,-0.03,N2O,52,0.03394423275074105
net,-0.03,N2O,53,0.03270335722905443
net,-0.03,N2O,54,0.03371480126706642
net,-0.03,N2O,55,0.03475752707944992
net,-0.03,N2O,56,0.03583250214376281
net,-0.03,N2O,57,0.03694072385954928
net,-0.03,N2O,58,0.038083220473762155
net,-0.03,N2O,59,0.03926105203480634
net,-0.03,N2O,60,0.040475311376089014
net,-0.03,N2O,61,0.041727125129988676
net,-0.03,N2O,62,0.0430176547731842
net,-0.03,N2O,63,0.04434809770431361
net,-0.03,N2O,64,0.045719688354962484
net,-0.03,N2O,65,0.04713369933501287
net,-0.03,N2O,66,0.04859144261341534
net,-0.03,N2O,67,0.050094270735479736
net,-0.03,N2O,68,0.05164357807781415
net,-0.03,N2O,69,0.053240802142076445
net,-0.01,CO2,1,85.18884
net,-0.01,CO2,2,-1660.2827171717172
net,-0.01,CO2,3,-1677.053249668401
net,-0.01,CO2,4,-1693.9931814832335
net,-0.01,CO2,5,-1711.104223720438
net,-0.01,CO2,6,-1728.388104768119
net,-0.01,CO2,7,-1745.8465704728474
net,-0.01,CO2,8,-1763.4813843160077
net,-0.01,CO2,9,-1781.133329646453
net,-0.01,CO2,10,-1799.287199587805
net,-0.01,CO2,11,-1817.4618177654597
net,-0.01,CO2,12,-1835.8200179449084
net,-0.01,CO2,13,-1854.3636544898068
net,-0.01,CO2,14,-1873.0946004947546
net,-0.01,CO2,15,-1892.0147479744994
net,-0.01,CO2,16,-1911.12600805505
net,-0.01,CO2,17,-1920.3371388547782
net,-0.01,CO2,18,-1949.9296072391082
net,-0.01,CO2,19,-1969.625865898089
net,-0.01,CO2,20,-1786.1262064748455
net,-0.01,CO2,21,-1804.1678853281267
net,-0.01,CO2,22,-1822.3918033617442
net,-0.01,CO2,23,-1840.799801375499
net,-0.01,CO2,24,-1859.3937387631304
net,-0.01,CO2,25,-1877.9864086380896
net,-0.01,CO2,26,-1897.1469633334664
net,-0.01,CO2,27,-1889.315797336015
net,-0.01,CO2,28,-1935.6667312860593
net,-0.01,CO2,29,-1955.2189204909687
net,-0.01,CO2,30,-1974.9686065565345
net,-0.01,CO2,31,-1994.9177844005396
net,-0.01,CO2,32,-2015.068469091454
net,-0.01,CO2,33,-2035.2177801492503
net,-0.01,CO2,34,-2044.2157932010573
net,-0.01,CO2,35,-2076.7500214794145
net,-0.01,CO2,36,-2097.727294423651
net,-0.01,CO2,37,-2118.916459013789
net,-0.01,CO2,38,-2140.319655569484
net,-0.01,CO2,39,-2161.939046029782
net,-0.01,CO2,40,-2183.7768141714964
net,-0.01,CO2,41,-2205.6130936748837
net,-0.01,CO2,42,-2227.892013813014
net,-0.01,CO2,43,-2250.6225546676815
net,-0.01,CO2,44,-2273.356115825941
net,-0.01,CO2,45,-2296.319308915092
net,-0.01,CO2,46,-2319.5144534495876
net,-0.01,CO2,47,-2342.943892373321
net,-0.01,CO2,48,-2366.6099922962835
net,-0.01,CO2,49,-2390.51514373362
net,-0.01,CO2,50,-2414.6617613470908
net,-0.01,CO2,51,-2439.0522841889806
net,-0.01,CO2,52,299.7729016181826
net,-0.01,CO2,53,283.3861190962239
net,-0.01,CO2,54,286.2486051477009
net,-0.01,CO2,55,289.1400051996979
net,-0.01,CO2,56,292.06061131282615
net,-0.01,CO2,57,295.0107184978042
net,-0.01,CO2,58,297.9906247452568
net,-0.01,CO2,59,301.00063105581495
net,-0.01,CO2,60,304.0410414705201
net,-0.01,CO2,61,307.1121631015355
net,-0.01,CO2,62,310.2143061631672
net,-0.01,CO2,63,313.3477840031992
net,-0.01,CO2,64,316.51291313454465
net,-0.01,CO2,65,319.7100132672168
net,-0.01,CO2,66,322.939407340623
net,-0.01,CO2,67,326.2014215561849
net,-0.01,CO2,68,329.4963854102878
net,-0.01,CO2,69,332.82463172756337
net,-0.01,CH4,1,0.17143
net,-0.01,CH4,2,0.015959595959595962
net,-0.01,CH4,3,0.016120803999591878
net,-0.01,CH4,4,0.01628364040362816
net,-0.01,CH4,5,0.01644812161982643
net,-0.01,CH4,6,0.016614264262450936
net,-0.01,CH4,7,0.016782085113586802
net,-0.01,CH4,8,0.016951601124835156
net,-0.01,CH4,9,0.017653853875691385
net,-0.01,CH4,10,0.01729578729194486
net,-0.01,CH4,11,0.01747049221408572
net,-0.01,CH4,12,0.017646961832409814
net,-0.01,CH4,13,0.017825213972131125
net,-0.01,CH4,14,0.01800526663851629
net,-0.01,CH4,15,0.018187138018703322
net,-0.01,CH4,16,0.018370846483538712
net,-0.01,CH4,17,0.0519696942140767
net,-0.01,CH4,18,0.018743849080235395
net,-0.01,CH4,19,0.01893318088912666
net,-0.01,CH4,20,0.06962259076477212
net,-0.01,CH4,21,0.07032584925734557
net,-0.01,CH4,22,0.07103621137105613
net,-0.01,CH4,23,0.07175374885965266
net,-0.01,CH4,24,0.07247853420166935
net,-0.01,CH4,25,0.0738343056616028
net,-0.01,CH4,26,0.07395014202802709
net,-0.01,CH4,27,0.1640557424453271
net,-0.01,CH4,28,0.07545162945416499
net,-0.01,CH4,29,0.07621376712541918
net,-0.01,CH4,30,0.07698360315698907
net,-0.01,CH4,31,0.07776121531008996
net,-0.01,CH4,32,0.078546682131404
net,-0.01,CH4,33,0.08001596336175992
net,-0.01,CH4,34,0.11909762246083029
net,-0.01,CH4,35,0.08095100802062459
net,-0.01,CH4,36,0.08176869497032788
net,-0.01,CH4,37,0.08259464138416957
net,-0.01,CH4,38,0.08342893069108037
net,-0.01,CH4,39,0.08427164716270744
net,-0.01,CH4,40,0.0851228759219267
net,-0.01,CH4,41,0.08671517034445582
net,-0.01,CH4,42,0.08685121510246577
net,-0.01,CH4,43,0.08772850010350078
net,-0.01,CH4,44,0.08861464656919271
net,-0.01,CH4,45,0.08950974400928557
net,-0.01,CH4,46,0.09041388283766219
net,-0.01,CH4,47,0.09132715438147697
net,-0.01,CH4,48,0.09224965089038076
net,-0.01,CH4,49,0.09318146554583916
net,-0.01,CH4,50,0.09412269247054461
net,-0.01,CH4,51,0.09507342673792385
net,-0.01,CH4,52,0.07461315942663452
net,-0.01,CH4,53,0.07035811259335786
net,-0.01,CH4,54,0.07106880059935139
net,-0.01,CH4,55,0.07178666727207211
net,-0.01,CH4,56,0.07251178512330515
net,-0.01,CH4,57,0.07324422739727793
net,-0.01,CH4,58,0.07398406807805853
net,-0.01,CH4,59,0.07473138189702883
net,-0.01,CH4,60,0.07548624434043313
net,-0.01,CH4,61,0.07624873165700317
net,-0.01,CH4,62,0.07701892086565978
net,-0.01,CH4,63,0.07779688976329271
net,-0.01,CH4,64,0.0785827169326189
net,-0.01,CH4,65,0.0793764817501201
net,-0.01,CH4,66,0.0801782643940607
net,-0.01,CH4,67,0.08098814585258658
net,-0.01,CH4,68,0.08180620793190564
net,-0.01,CH4,69,0.08263253326455114
net,-0.01,N2O,1,0.0003
net,-0.01,N2O,2,0.002565656565656566
net,-0.01,N2O,3,0.0025915722885419853
net,-0.01,N2O,4,0.002617749786406046
net,-0.01,N2O,5,0.002644191703440451
net,-0.01,N2O,6,0.00267090071054591
net,-0.01,N2O,7,0.002697879505601929
net,-0.01,N2O,8,0.0027251308137393225
net,-0.01,N2O,9,0.002752657387615477
net,-0.01,N2O,10,0.0027804620076924014
net,-0.01,N2O,11,0.0028085474825175773
net,-0.01,N2O,12,0.0028369166490076533
net,-0.01,N2O,13,0.0028655723727350037
net,-0.01,N2O,14,0.0028945175482171757
net,-0.01,N2O,15,0.002923755099209268
net,-0.01,N2O,16,0.0029532879789992608
net,-0.01,N2O,17,0.002994863734370522
net,-0.01,N2O,18,0.0030132516875821455
net,-0.01,N2O,19,0.003043688573315298
net,-0.01,N2O,20,0.011184157487247815
net,-0.01,N2O,21,0.011297128774997793
net,-0.01,N2O,22,0.011411241186866457
net,-0.01,N2O,23,0.011526506249360058
net,-0.01,N2O,24,0.0116429356054142
net,-0.01,N2O,25,0.0117605410155699
net,-0.01,N2O,26,0.011879334359161513
net,-0.01,N2O,27,0.012038286491476154
net,-0.01,N2O,28,0.012120532965168367
net,-0.01,N2O,29,0.012242962591079157
net,-0.01,N2O,30,0.012366628879877939
net,-0.01,N2O,31,0.012491544323109028
net,-0.01,N2O,32,0.012617721538493967
net,-0.01,N2O,33,0.012745173271206028
net,-0.01,N2O,34,0.012887845200780068
net,-0.01,N2O,35,0.01300395191430061
net,-0.01,N2O,36,0.013135304963940012
net,-0.01,N2O,37,0.013267984812060618
net,-0.01,N2O,38,0.013402004860667291
net,-0.01,N2O,39,0.013537378647138677
net,-0.01,N2O,40,0.013674119845594624
net,-0.01,N2O,41,0.013812242268277396
net,-0.01,N2O,42,0.013951759866946864
net,-0.01,N2O,43,0.014092686734289765
net,-0.01,N2O,44,0.014235037105343195
net,-0.01,N2O,45,0.01437882535893252
net,-0.01,N2O,46,0.014524066019123759
net,-0.01,N2O,47,0.014670773756690667
net,-0.01,N2O,48,0.01481896339059663
net,-0.01,N2O,49,0.014968649889491547
net,-0.01,N2O,50,0.015119848373223787
net,-0.01,N2O,51,0.01527257411436746
net,-0.01,N2O,52,0.01198752483068328
net,-0.01,N2O,53,0.011315985989967192
net,-0.01,N2O,54,0.01143028887875474
net,-0.01,N2O,55,0.011545746342176505
net,-0.01,N2O,56,0.011662370042602531
net,-0.01,N2O,57,0.011780171760204575
net,-0.01,N2O,58,0.01189916339414604
net,-0.01,N2O,59,0.012019356963783877
net,-0.01,N2O,60,0.012140764609882702
net,-0.01,N2O,61,0.012263398595841114
net,-0.01,N2O,62,0.01238727130893042
net,-0.01,N2O,63,0.01251239526154588
net,-0.01,N2O,64,0.012638783092470584
net,-0.01,N2O,65,0.012766447568152107
net,-0.01,N2O,66,0.012895401583992026
net,-0.01,N2O,67,0.013025658165648513
net,-0.01,N2O,68,0.013157230470352032
net,-0.01,N2O,69,0.013290131788234376
net,0.01,CO2,1,85.18884
net,0.01,CO2,2,-1627.4058316831681
net,0.01,CO2,3,-1611.292902656602
net,0.01,CO2,4,-1595.339507580794
net,0.01,CO2,5,-1579.5440669116774
net,0.01,CO2,6,-1563.905016744235
net,0.01,CO2,7,-1548.4208086576582
net,0.01,CO2,8,-1533.089909562038
net,0.01,CO2,9,-1517.7736088790405
net,0.01,CO2,10,-1502.8819817292797
net,0.01,CO2,11,-1488.0019621081976
net,0.01,CO2,12,-1473.2692694140571
net,0.01,CO2,13,-1458.682444964413
net,0.01,CO2,14,-1444.2400445192206
net,0.01,CO2,15,-1429.9406381378421
net,0.01,CO2,16,-1415.7828100374675
net,0.01,CO2,17,-1394.4360892794505
net,0.01,CO2,18,-1387.8862954979586
net,0.01,CO2,19,-1374.1448470276816
net,0.01,CO2,20,-1221.4473118986905
net,0.01,CO2,21,-1209.353774157119
net,0.01,CO2,22,-1197.3799744129892
net,0.01,CO2,23,-1185.5247271415735
net,0.01,CO2,24,-1173.7868585560134
net,0.01,CO2,25,-1162.0482056672124
net,0.01,CO2,26,-1150.6586202882202
net,0.01,CO2,27,-1123.2175926790287
net,0.01,CO2,28,-1127.9860996845603
net,0.01,CO2,29,-1116.8179204797627
net,0.01,CO2,30,-1105.760317306696
net,0.01,CO2,31,-1094.812195353164
net,0.01,CO2,32,-1083.972470646697
net,0.01,CO2,33,-1073.132021649346
net,0.01,CO2,34,-1056.5324153414
net,0.01,CO2,35,-1052.0930006344722
net,0.01,CO2,36,-1041.6762382519526
net,0.01,CO2,37,-1031.3626121306459
net,0.01,CO2,38,-1021.1511011194515
net,0.01,CO2,39,-1011.0406941776747
net,0.01,CO2,40,-1001.0303902749255
net,0.01,CO2,41,-991.0194175016964
net,0.01,CO2,42,-981.2073440610855
net,0.01,CO2,43,-971.5902345770074
net,0.01,CO2,44,-961.970529284166
net,0.01,CO2,45,-952.446068598184
net,0.01,CO2,46,-943.0159095031526
net,0.01,CO2,47,-933.679118319953
net,0.01,CO2,48,-924.4347706138149
net,0.01,CO2,49,-915.2819511027869
net,0.01,CO2,50,-906.2197535671158
net,0.01,CO2,51,-897.2472807595204
net,0.01,CO2,52,108.0929160823605
net,0.01,CO2,53,100.16067809130578
net,0.01,CO2,54,99.16898820921364
net,0.01,CO2,55,98.18711703882539
net,0.01,CO2,56,97.21496736517365
net,0.01,CO2,57,96.25244293581548
net,0.01,CO2,58,95.29944845130247
net,0.01,CO2,59,94.35588955574501
net,0.01,CO2,60,93.42167282747032
net,0.01,CO2,61,92.49670576977257
net,0.01,CO2,62,91.58089680175505
net,0.01,CO2,63,90.67415524926241
net,0.01,CO2,64,89.77639133590337
net,0.01,CO2,65,88.88751617416176
net,0.01,CO2,66,88.0074417565958
net,0.01,CO2,67,87.13608094712457
net,0.01,CO2,68,86.27334747240054
net,0.01,CO2,69,85.41915591326787
net,0.01,CH4,1,0.17143
net,0.01,CH4,2,0.015643564356435644
net,0.01,CH4,3,0.015488677580629351
net,0.01,CH4,4,0.015335324337256782
net,0.01,CH4,5,0.015183489442828497
net,0.01,CH4,6,0.01503315786418663
net,0.01,CH4,7,0.014884314717016466
net,0.01,CH4,8,0.014736945264372739
net,0.01,CH4,9,0.015043541694236865
net,0.01,CH4,10,0.014446569222990629
net,0.01,CH4,11,0.014303533884149136
net,0.01,CH4,12,0.014161914736781325
net,0.01,CH4,13,0.01402169775918943
net,0.01,CH4,14,0.013882869068504384
net,0.01,CH4,15,0.01374541491931127
net,0.01,CH4,16,0.013609321702288388
net,0.01,CH4,17,0.03773734085262946
net,0.01,CH4,18,0.013341164299861178
net,0.01,CH4,19,0.013209073564218987
net,0.01,CH4,20,0.04761159991313925
net,0.01,CH4,21,0.04714019793380123
net,0.01,CH4,22,0.0466734633007933
net,0.01,CH4,23,0.046211349802765644
net,0.01,CH4,24,0.04575381168590658
net,0.01,CH4,25,0.04568671105185008
net,0.01,CH4,26,0.04485228084100243
net,0.01,CH4,27,0.09753281921129175
net,0.01,CH4,28,0.043968513715324405
net,0.01,CH4,29,0.043533181896360795
net,0.01,CH4,30,0.043102160293426534
net,0.01,CH4,31,0.042675406231115376
net,0.01,CH4,32,0.042252877456549875
net,0.01,CH4,33,0.04219091114678077
net,0.01,CH4,34,0.06155441081047516
net,0.01,CH4,35,0.041010226580921384
net,0.01,CH4,36,0.04060418473358553
net,0.01,CH4,37,0.040202163102559925
net,0.01,CH4,38,0.0398041218837227
net,0.01,CH4,39,0.039410021667052174
net,0.01,CH4,40,0.03901982343272493
net,0.01,CH4,41,0.038962598585294016
net,0.01,CH4,42,0.03825097875965584
net,0.01,CH4,43,0.03787225619767905
net,0.01,CH4,44,0.03749728336403867
net,0.01,CH4,45,0.037126023132711544
net,0.01,CH4,46,0.03675843874525896
net,0.01,CH4,47,0.03639449380718709
net,0.01,CH4,48,0.03603415228434365
net,0.01,CH4,49,0.03567737849935015
net,0.01,CH4,50,0.035324137128069456
net,0.01,CH4,51,0.034974393196108365
net,0.01,CH4,52,0.026904212945890245
net,0.01,CH4,53,0.024867542168437378
net,0.01,CH4,54,0.02462132887964097
net,0.01,CH4,55,0.024377553346179175
net,0.01,CH4,56,0.02413619143186057
net,0.01,CH4,57,0.02389721923946591
net,0.01,CH4,58,0.023660613108382092
net,0.01,CH4,59,0.023426349612259492
net,0.01,CH4,60,0.02319440555669257
net,0.01,CH4,61,0.022964757976923333
net,0.01,CH4,62,0.02273738413556766
net,0.01,CH4,63,0.022512261520364014
net,0.01,CH4,64,0.022289367841944567
net,0.01,CH4,65,0.022068681031628287
net,0.01,CH4,66,0.021850179239235927
net,0.01,CH4,67,0.021633840830926666
net,0.01,CH4,68,0.0214196443870561
net,0.01,CH4,69,0.021207568700055548
net,0.01,N2O,1,0.0003
net,0.01,N2O,2,0.002514851485148515
net,0.01,N2O,3,0.002489951965493579
net,0.01,N2O,4,0.0024652989757362165
net,0.01,N2O,5,0.0024408900749863533
net,0.01,N2O,6,0.002416722846521142
net,0.01,N2O,7,0.0023927948975456846
net,0.01,N2O,8,0.0023691038589561237
net,0.01,N2O,9,0.002345647385105073
net,0.01,N2O,10,0.0023224231535693795
net,0.01,N2O,11,0.0022994288649201776
net,0.01,N2O,12,0.0022766622424952253
net,0.01,N2O,13,0.0022541210321734904
net,0.01,N2O,14,0.0022318030021519705
net,0.01,N2O,15,0.002209705942724723
net,0.01,N2O,16,0.0021878276660640826
net,0.01,N2O,17,0.002174694218626105
net,0.01,N2O,18,0.0021447188178257844
net,0.01,N2O,19,0.0021234839780453307
net,0.01,N2O,20,0.007648316814975777
net,0.01,N2O,21,0.00757259090591661
net,0.01,N2O,22,0.007497614758333277
net,0.01,N2O,23,0.0074233809488448285
net,0.01,N2O,24,0.007349882127569137
net,0.01,N2O,25,0.007277111017395185
net,0.01,N2O,26,0.00720506041326256
net,0.01,N2O,27,0.007156884620348885
net,0.01,N2O,28,0.007063092258859483
net,0.01,N2O,29,0.006993160652336123
net,0.01,N2O,30,0.006923921437956557
net,0.01,N2O,31,0.006855367760353026
net,0.01,N2O,32,0.006787492832032699
net,0.01,N2O,33,0.006720289932705644
net,0.01,N2O,34,0.006660953439364708
net,0.01,N2O,35,0.006587873671900444
net,0.01,N2O,36,0.00652264719990143
net,0.01,N2O,37,0.00645806653455587
net,0.01,N2O,38,0.0063941252817384855
net,0.01,N2O,39,0.006330817110632165
net,0.01,N2O,40,0.006268135753101153
net,0.01,N2O,41,0.006206075003070448
net,0.01,N2O,42,0.006144628715911335
net,0.01,N2O,43,0.006083790807833004
net,0.01,N2O,44,0.006023555255280203
net,0.01,N2O,45,0.005963916094336834
net,0.01,N2O,46,0.00590486742013548
net,0.01,N2O,47,0.0058464033862727525
net,0.01,N2O,48,0.005788518204230447
net,0.01,N2O,49,0.0057312061428024235
net,0.01,N2O,50,0.005674461527527152
net,0.01,N2O,51,0.005618278740125892
net,0.01,N2O,52,0.004322493823036293
net,0.01,N2O,53,0.003999549567358936
net,0.01,N2O,54,0.003959950066692016
net,0.01,N2O,55,0.003920742640289124
net,0.01,N2O,56,0.0038819234062268553
net,0.01,N2O,57,0.0038434885210166885
net,0.01,N2O,58,0.0038054341792244446
net,0.01,N2O,59,0.003767756613093509
net,0.01,N2O,60,0.003730452092171791
net,0.01,N2O,61,0.003693516922942367
net,0.01,N2O,62,0.00365694744845779
net,0.01,N2O,63,0.003620740047978009
net,0.01,N2O,64,0.00358489113661189
net,0.01,N2O,65,0.0035493971649622675
net,0.01,N2O,66,0.0035142546187745226
net,0.01,N2O,67,0.0034794600185886365
net,0.01,N2O,68,0.003445009919394689
net,0.01,N2O,69,0.0034109009102917718
net,0.03,CO2,1,85.18884
net,0.03,CO2,2,-1595.8057184466018
net,0.03,CO2,3,-1549.3259402394192
net,0.03,CO2,4,-1504.1999419800188
net,0.03,CO2,5,-1460.388293184484
net,0.03,CO2,6,-1417.852711829596
net,0.03,CO2,7,-1376.5560309025204
net,0.03,CO2,8,-1336.462165924777
net,0.03,CO2,9,-1297.418808786264
net,0.03,CO2,10,-1259.7437703127318
net,0.03,CO2,11,-1223.0522041871182
net,0.03,CO2,12,-1187.4293244535127
net,0.03,CO2,13,-1152.8440043237988
net,0.03,CO2,14,-1119.2660236153386
net,0.03,CO2,15,-1086.6660423449887
net,0.03,CO2,16,-1055.0155750922222
net,0.03,CO2,17,-1018.9315255183204
net,0.03,CO2,18,-994.4533651543237
net,0.03,CO2,19,-965.4887040333239
net,0.03,CO2,20,-841.5376881137666
net,0.03,CO2,21,-817.0268816638511
net,0.03,CO2,22,-793.2299821979137
net,0.03,CO2,23,-770.1261963086541
net,0.03,CO2,24,-747.6953362219942
net,0.03,CO2,25,-725.8447204814054
net,0.03,CO2,26,-704.7745652012387
net,0.03,CO2,27,-674.6084443052318
net,0.03,CO2,28,-664.3176220202079
net,0.03,CO2,29,-644.9685650681631
net,0.03,CO2,30,-626.1830728817117
net,0.03,CO2,31,-607.9447309531181
net,0.03,CO2,32,-590.2376028671051
net,0.03,CO2,33,-572.9885250260387
net,0.03,CO2,34,-553.1714350368463
net,0.03,CO2,35,-540.1510193004336
net,0.03,CO2,36,-524.4184653402268
net,0.03,CO2,37,-509.1441411070163
net,0.03,CO2,38,-494.3147001038994
net,0.03,CO2,39,-479.91718456689244
net,0.03,CO2,40,-465.93901414261404
net,0.03,CO2,41,-452.32243281147646
net,0.03,CO2,42,-439.147993020851
net,0.03,CO2,43,-426.4002025598471
net,0.03,CO2,44,-413.98077918431756
net,0.03,CO2,45,-401.923086586716
net,0.03,CO2,46,-390.2165889191418
net,0.03,CO2,47,-378.8510572030503
net,0.03,CO2,48,-367.816560391311
net,0.03,CO2,49,-357.10345669059313
net,0.03,CO2,50,-346.7023851364982
net,0.03,CO2,51,-336.6042574140759
net,0.03,CO2,52,39.763887475507254
net,0.03,CO2,53,36.13041983501489
net,0.03,CO2,54,35.078077509723194
net,0.03,CO2,55,34.05638593177009
net,0.03,CO2,56,33.064452360941836
net,0.03,CO2,57,32.101410059166824
net,0.03,CO2,58,31.16641753317167
net,0.03,CO2,59,30.258657799195802
net,0.03,CO2,60,29.37733766912213
net,0.03,CO2,61,28.52168705740013
net,0.03,CO2,62,27.690958308155466
net,0.03,CO2,63,26.88442554189851
net,0.03,CO2,64,26.101384021260685
net,0.03,CO2,65,25.341149535204554
net,0.03,CO2,66,24.603057801169463
net,0.03,CO2,67,23.88646388463055
net,0.03,CO2,68,23.19074163556364
net,0.03,CO2,69,22.515283141323923
net,0.03,CH4,1,0.17143
net,0.03,CH4,2,0.01533980582524272
net,0.03,CH4,3,0.01489301536431332
net,0.03,CH4,4,0.014459238217779924
net,0.03,CH4,5,0.014038095357067884
net,0.03,CH4,6,0.01362921879326979
net,0.03,CH4,7,0.013232251255601738
net,0.03,CH4,8,0.012846845879224987
net,0.03,CH4,9,0.012859476426974008
net,0.03,CH4,10,0.012109384371029304
net,0.03,CH4,11,0.011756683855368256
net,0.03,CH4,12,0.011414256170260442
net,0.03,CH4,13,0.011081802107048974
net,0.03,CH4,14,0.010759031171892206
net,0.03,CH4,15,0.01044566133193418
net,0.03,CH4,16,0.010141418768868137
net,0.03,CH4,17,0.02757513706049004
net,0.03,CH4,18,0.009559259844347379
net,0.03,CH4,19,0.00928083480033726
net,0.03,CH4,20,0.0328028522622219
net,0.03,CH4,21,0.031847429380797966
net,0.03,CH4,22,0.030919834350289284
net,0.03,CH4,23,0.030019256650766296
net,0.03,CH4,24,0.029144909369676012
net,0.03,CH4,25,0.028537076045054913
net,0.03,CH4,26,0.027471872343930635
net,0.03,CH4,27,0.05857855491730621
net,0.03,CH4,28,0.025894874487633734
net,0.03,CH4,29,0.02514065484236285
net,0.03,CH4,30,0.024408402759575582
net,0.03,CH4,31,0.023697478407354935
net,0.03,CH4,32,0.02300726058966499
net,0.03,CH4,33,0.02252743135028535
net,0.03,CH4,34,0.03222820357090076
net,0.03,CH4,35,0.021054902633196565
net,0.03,CH4,36,0.02044165304193841
net,0.03,CH4,37,0.019846265089260594
net,0.03,CH4,38,0.019268218533262715
net,0.03,CH4,39,0.018707008284721077
net,0.03,CH4,40,0.01816214396574862
net,0.03,CH4,41,0.0177833623332885
net,0.03,CH4,42,0.017119562603212953
net,0.03,CH4,43,0.016620934566226164
net,0.03,CH4,44,0.016136829675947734
net,0.03,CH4,45,0.015666824928104593
net,0.03,CH4,46,0.0152105096389365
net,0.03,CH4,47,0.014767485086346115
net,0.03,CH4,48,0.014337364161501083
net,0.03,CH4,49,0.013919771030583575
net,0.03,CH4,50,0.01351434080639182
net,0.03,CH4,51,0.01312071922950662
net,0.03,CH4,52,0.009897189704664158
net,0.03,CH4,53,0.008970334026608084
net,0.03,CH4,54,0.00870906216175542
net,0.03,CH4,55,0.008455400157044097
net,0.03,CH4,56,0.00820912636606223
net,0.03,CH4,57,0.007970025598118668
net,0.03,CH4,58,0.0077378889302123
net,0.03,CH4,59,0.007512513524477961
net,0.03,CH4,60,0.007293702450949476
net,0.03,CH4,61,0.0070812645154849285
net,0.03,CH4,62,0.006875014092703814
net,0.03,CH4,63,0.00667477096379011
net,0.03,CH4,64,0.006480360159019524
net,0.03,CH4,65,0.006291611804873325
net,0.03,CH4,66,0.006108360975605169
net,0.03,CH4,67,0.005930447549131233
net,0.03,CH4,68,0.0057577160671177015
net,0.03,CH4,69,0.005590015599143399
net,0.03,N2O,1,0.0003
net,0.03,N2O,2,0.0024660194174757283
net,0.03,N2O,3,0.002394193609199736
net,0.03,N2O,4,0.0023244598147570254
net,0.03,N2O,5,0.0022567571017058498
net,0.03,N2O,6,0.0021910263123357766
net,0.03,N2O,7,0.002127210011976482
net,0.03,N2O,8,0.002065252438812118
net,0.03,N2O,9,0.0020050994551573964
net,0.03,N2O,10,0.001946698500152812
net,0.03,N2O,11,0.0018899985438376814
net,0.03,N2O,12,0.0018349500425608558
net,0.03,N2O,13,0.0017815048956901513
net,0.03,N2O,14,0.001729616403582671
net,0.03,N2O,15,0.001679239226779292
net,0.03,N2O,16,0.0016303293463876623
net,0.03,N2O,17,0.0015890756950112906
net,0.03,N2O,18,0.0015367417724457177
net,0.03,N2O,19,0.001491982303345357
net,0.03,N2O,20,0.005269442887742183
net,0.03,N2O,21,0.005115963968681731
net,0.03,N2O,22,0.004966955309399739
net,0.03,N2O,23,0.004822286708155086
net,0.03,N2O,24,0.004681831755490374
net,0.03,N2O,25,0.004545467723777063
net,0.03,N2O,26,0.00441307545997773
net,0.03,N2O,27,0.004298450123354932
net,0.03,N2O,28,0.0041597468752735695
net,0.03,N2O,29,0.004038589199294728
net,0.03,N2O,30,0.003920960387664784
net,0.03,N2O,31,0.0038067576579269746
net,0.03,N2O,32,0.0036958812212883256
net,0.03,N2O,33,0.003588234195425558
net,0.03,N2O,34,0.003487492782297988
net,0.03,N2O,35,0.0033822548736219798
net,0.03,N2O,36,0.0032837425957494945
net,0.03,N2O,37,0.003188099607523781
net,0.03,N2O,38,0.003095242337401729
net,0.03,N2O,39,0.0030050896479628434
net,0.03,N2O,40,0.0029175627650124695
net,0.03,N2O,41,0.0028325852087499703
net,0.03,N2O,42,0.0027500827269417187
net,0.03,N2O,43,0.0026699832300405035
net,0.03,N2O,44,0.0025922167281946635
net,0.03,N2O,45,0.002516715270091906
net,0.03,N2O,46,0.0024434128835843748
net,0.03,N2O,47,0.002372245518043082
net,0.03,N2O,48,0.002303150988391342
net,0.03,N2O,49,0.002236068920768293
net,0.03,N2O,50,0.002170940699775042
net,0.03,N2O,51,0.002107709417257322
net,0.03,N2O,52,0.0015901056630004172
net,0.03,N2O,53,0.0014427358897061418
net,0.03,N2O,54,0.0014007144560253804
net,0.03,N2O,55,0.0013599169475974565
net,0.03,N2O,56,0.0013203077161140354
net,0.03,N2O,57,0.0012818521515670245
net,0.03,N2O,58,0.0012445166520068198
net,0.03,N2O,59,0.0012082685941813788
net,0.03,N2O,60,0.0011730763050304645
net,0.03,N2O,61,0.0011389090340101597
net,0.03,N2O,62,0.0011057369262234562
net,0.03,N2O,63,0.0010735309963334524
net,0.03,N2O,64,0.0010422631032363616
net,0.03,N2O,65,0.0010119059254721958
net,0.03,N2O,66,0.0009824329373516463
net,0.03,N2O,67,0.0009538183857782975
net,0.03,N2O,68,0.0009260372677459198
net,0.03,N2O,69,0.0008990653084911843
net,0.09,CO2,1,85.18884
net,0.09,CO2,2,-1507.9632018348623
net,0.09,CO2,3,-1383.45247874758
net,0.09,CO2,4,-1269.222457566587
net,0.09,CO2,5,-1164.4242729968685
net,0.09,CO2,6,-1068.2791495384115
net,0.09,CO2,7,-980.0726142554234
net,0.09,CO2,8,-899.1491873902966
net,0.09,CO2,9,-824.8329541127364
net,0.09,CO2,10,-756.7958819882977
net,0.09,CO2,11,-694.308148613117
net,0.09,CO2,12,-636.9799528560708
net,0.09,CO2,13,-584.385277849606
net,0.09,CO2,14,-536.1332824308313
net,0.09,CO2,15,-491.86539672553323
net,0.09,CO2,16,-451.25265754636064
net,0.09,CO2,17,-411.82871773187105
net,0.09,CO2,18,-379.8103337651382
net,0.09,CO2,19,-348.4498474909524
net,0.09,CO2,20,-286.9970145563797
net,0.09,CO2,21,-263.3000133544768
net,0.09,CO2,22,-241.55964527933648
net,0.09,CO2,23,-221.61435346728118
net,0.09,CO2,24,-203.31592061218456
net,0.09,CO2,25,-186.50958881611575
net,0.09,CO2,26,-171.12694269184792
net,0.09,CO2,27,-154.78564062947942
net,0.09,CO2,28,-144.03412397260155
net,0.09,CO2,29,-132.1413981400014
net,0.09,CO2,30,-121.23064049541412
net,0.09,CO2,31,-111.2207710967102
net,0.09,CO2,32,-102.03740467588091
net,0.09,CO2,33,-93.60287346244172
net,0.09,CO2,34,-85.3913203688277
net,0.09,CO2,35,-78.79159823902081
net,0.09,CO2,36,-72.28586994405578
net,0.09,CO2,37,-66.31731187528052
net,0.09,CO2,38,-60.8415705277803
net,0.09,CO2,39,-55.81795461264247
net,0.09,CO2,40,-51.20913267214905
net,0.09,CO2,41,-46.9761258712765
net,0.09,CO2,42,-43.09736318465733
net,0.09,CO2,43,-39.542846277688795
net,0.09,CO2,44,-36.277840621732835
net,0.09,CO2,45,-33.28242258874572
net,0.09,CO2,46,-30.534332650225423
net,0.09,CO2,47,-28.013149220390297
net,0.09,CO2,48,-25.700136899440636
net,0.09,CO2,49,-23.57810724719325
net,0.09,CO2,50,-21.631291052470868
net,0.09,CO2,51,-19.84522114905584
net,0.09,CO2,52,2.2153171067373894
net,0.09,CO2,53,1.9020888504230293
net,0.09,CO2,54,1.745035642589935
net,0.09,CO2,55,1.600950130816454
net,0.09,CO2,56,1.4687615879050036
net,0.09,CO2,57,1.3474876953256913
net,0.09,CO2,58,1.2362272434180654
net,0.09,CO2,59,1.1341534343285002
net,0.09,CO2,60,1.040507737916055
net,0.09,CO2,61,0.9545942549688577
net,0.09,CO2,62,0.8757745458429889
net,0.09,CO2,63,0.803462886094485
net,0.09,CO2,64,0.7371219138481514
net,0.09,CO2,65,0.6762586365579369
net,0.09,CO2,66,0.6204207674843458
net,0.09,CO2,67,0.5691933646645374
net,0.09,CO2,68,0.5221957473986581
net,0.09,CO2,69,0.47907866733821847
net,0.09,CH4,1,0.17143
net,0.09,CH4,2,0.014495412844036697
net,0.09,CH4,3,0.01329854389361165
net,0.09,CH4,4,0.012200498984964815
net,0.09,CH4,5,0.011193118334830103
net,0.09,CH4,6,0.010268915903513856
net,0.09,CH4,7,0.009421023764691611
net,0.09,CH4,8,0.008643141068524412
net,0.09,CH4,9,0.00817540169586939
net,0.09,CH4,10,0.007274758916357554
net,0.09,CH4,11,0.006674090748951884
net,0.09,CH4,12,0.006123019035735674
net,0.09,CH4,13,0.005617448656638232
net,0.09,CH4,14,0.0051536226207690205
net,0.09,CH4,15,0.0047280941474945135
net,0.09,CH4,16,0.004337701052747259
net,0.09,CH4,17,0.011145236998261886
net,0.09,CH4,18,0.0036509561928686637
net,0.09,CH4,19,0.00334950109437492
net,0.09,CH4,20,0.011187045810500836
net,0.09,CH4,21,0.010263344780275995
net,0.09,CH4,22,0.00941591264245504
net,0.09,CH4,23,0.008638451965555084
net,0.09,CH4,24,0.007925185289500076
net,0.09,CH4,25,0.007332750613171634
net,0.09,CH4,26,0.006670469901102663
net,0.09,CH4,27,0.01344056574827263
net,0.09,CH4,28,0.00561440106144488
net,0.09,CH4,29,0.0051508266618760365
net,0.09,CH4,30,0.004725529047592694
net,0.09,CH4,31,0.00433534775008504
net,0.09,CH4,32,0.003977383256958752
net,0.09,CH4,33,0.003680060270000657
net,0.09,CH4,34,0.004974965592450149
net,0.09,CH4,35,0.0030712696448950186
net,0.09,CH4,36,0.0028176785732981816
net,0.09,CH4,37,0.002585026214035029
net,0.09,CH4,38,0.002371583682600944
net,0.09,CH4,39,0.002175764846422884
net,0.09,CH4,40,0.0019961145380026457
net,0.09,CH4,41,0.001846898156676792
net,0.09,CH4,42,0.0016800896709053496
net,0.09,CH4,43,0.0015413666705553666
net,0.09,CH4,44,0.0014140978628948313
net,0.09,CH4,45,0.0012973374888943406
net,0.09,CH4,46,0.0011902178797195784
net,0.09,CH4,47,0.0010919430089170444
net,0.09,CH4,48,0.0010017825769881139
net,0.09,CH4,49,0.0009190665843927653
net,0.09,CH4,50,0.0008431803526539129
net,0.09,CH4,51,0.0007735599565632228
net,0.09,CH4,52,0.000551390094212311
net,0.09,CH4,53,0.0004722439543878752
net,0.09,CH4,54,0.00043325133430080286
net,0.09,CH4,55,0.00039747828834936044
net,0.09,CH4,56,0.00036465898013702787
net,0.09,CH4,57,0.00033454952306149344
net,0.09,CH4,58,0.0003069261679463243
net,0.09,CH4,59,0.00028158364031772865
net,0.09,CH4,60,0.0002583336149703932
net,0.09,CH4,61,0.00023700331648659925
net,0.09,CH4,62,0.00021743423530880667
net,0.09,CH4,63,0.00019948094982459325
net,0.09,CH4,64,0.000183010045710636
net,0.09,CH4,65,0.00016789912450517063
net,0.09,CH4,66,0.00015403589404144093
net,0.09,CH4,67,0.00014131733398297332
net,0.09,CH4,68,0.00012964893025960855
net,0.09,CH4,69,0.00011894397271523719
net,0.09,N2O,1,0.0003
net,0.09,N2O,2,0.002330275229357798
net,0.09,N2O,3,0.0021378671828970624
net,0.09,N2O,4,0.001961346039355103
net,0.09,N2O,5,0.0017994000361055986
net,0.09,N2O,6,0.001650825721197797
net,0.09,N2O,7,0.0015145190102732083
net,0.09,N2O,8,0.0013894669819020258
net,0.09,N2O,9,0.0012747403503688306
net,0.09,N2O,10,0.0011694865599714043
net,0.09,N2O,11,0.0010729234495150497
net,0.09,N2O,12,0.000984333439922064
net,0.09,N2O,13,0.0009030582017633613
net,0.09,N2O,14,0.0008284937630856526
net,0.09,N2O,15,0.0007600860211794978
net,0.09,N2O,16,0.0006973266249353188
net,0.09,N2O,17,0.0006422678948150918
net,0.09,N2O,18,0.0005869258689801522
net,0.09,N2O,19,0.000538464099981791
net,0.09,N2O,20,0.00179708454953108
net,0.09,N2O,21,0.0016487014215881466
net,0.09,N2O,22,0.0015125701115487583
net,0.09,N2O,23,0.0013876790014208792
net,0.09,N2O,24,0.0012731000013035587
net,0.09,N2O,25,0.001167981652572072
net,0.09,N2O,26,0.0010715428005248367
net,0.09,N2O,27,0.0009862585647628219
net,0.09,N2O,28,0.0009018961371305754
net,0.09,N2O,29,0.0008274276487436471
net,0.09,N2O,30,0.0007591079346271991
net,0.09,N2O,31,0.0006964292978231183
net,0.09,N2O,32,0.0006389259613056131
net,0.09,N2O,33,0.0005861706067023973
net,0.09,N2O,34,0.0005383532022714539
net,0.09,N2O,35,0.0004933680723023292
net,0.09,N2O,36,0.00045263125899296244
net,0.09,N2O,37,0.00041525803577336
net,0.09,N2O,38,0.0003809706750214312
net,0.09,N2O,39,0.00034951438075360653
net,0.09,N2O,40,0.000320655395186795
net,0.09,N2O,41,0.00029417926163926146
net,0.09,N2O,42,0.0002698892308617077
net,0.09,N2O,43,0.0002476047989556952
net,0.09,N2O,44,0.0002271603660143992
net,0.09,N2O,45,0.0002084040055177974
net,0.09,N2O,46,0.00019119633533742878
net,0.09,N2O,47,0.00017540948196094385
net,0.09,N2O,48,0.000160926130239398
net,0.09,N2O,49,0.000147638651595778
net,0.09,N2O,50,0.00013544830421631008
net,0.09,N2O,51,0.0001242644992810184
net,0.09,N2O,52,8.858762310235832e-05
net,0.09,N2O,53,7.595294664292049e-05
net,0.09,N2O,54,6.968160242469768e-05
net,0.09,N2O,55,6.392807561898869e-05
net,0.09,N2O,56,5.864961065962265e-05
net,0.09,N2O,57,5.380698225653454e-05
net,0.09,N2O,58,4.936420390507756e-05
net,0.09,N2O,59,4.5288260463373896e-05
net,0.09,N2O,60,4.154886281043476e-05
net,0.09,N2O,61,3.811822276186675e-05
net,0.09,N2O,62,3.497084657051996e-05
net,0.09,N2O,63,3.208334547754124e-05
net,0.09,N2O,64,2.9434261906001142e-05
net,0.09,N2O,65,2.700391000550563e-05
net,0.09,N2O,66,2.4774229362849203e-05
net,0.09,N2O,67,2.2728650791604766e-05
net,0.09,N2O,68,2.0851973203307127e-05
net,0.09,N2O,69,1.9130250645235894e-05
